document_id,file_name,relative_path,source,status,category,size_bytes,size_mb,sha256,drive_path,source_url,generated_at,notes
pdf_000001,!!!!!!!417_handwritten.pdf,downloads/!!!!!!!417_handwritten.pdf,downloads,raw_download,handwritten,6754844,6.442,8f09623ee386cfa8d3471196b3434757423589ed4ee6626e9d9f99811e73f84a,,,2026-06-11T18:07:18+00:00,
pdf_000002,!!!087_handwritten.pdf,downloads/!!!087_handwritten.pdf,downloads,raw_download,handwritten,78308,0.075,ae970a7dc42758f00debe15ce14f80206cdca6b669ffbc19081ab15e3e5610b9,,,2026-06-11T18:07:18+00:00,
pdf_000003,!!002_contract.pdf,downloads/!!002_contract.pdf,downloads,raw_download,contract,281765,0.269,db86426e497f9b11d93109c07479ef3839c7d07d29e35c2ef73c9a24290f8ef7,,,2026-06-11T18:07:18+00:00,
pdf_000004,!006_financial_environmental_report.pdf,downloads/!006_financial_environmental_report.pdf,downloads,raw_download,financial_environmental_report,411711,0.393,9f048a9d082af7dcd5a703324eeb0cc94ab5c11b11660195f94d42fc11c9b447,,,2026-06-11T18:07:18+00:00,
pdf_000005,!481_handwritten.pdf,downloads/!481_handwritten.pdf,downloads,raw_download,handwritten,1248686,1.191,0c46c19f624ed0cd9144341e900386639d19d1a6ed8e062b9452649b5b544306,,,2026-06-11T18:07:18+00:00,
pdf_000006,001_contract.pdf,downloads/001_contract.pdf,downloads,raw_download,contract,222127,0.212,fd640ab368568159e45857d53079e26708f9aacf926e6e82cf9f4d2cec771bff,,,2026-06-11T18:07:18+00:00,
pdf_000007,002_contract.pdf,downloads/002_contract.pdf,downloads,raw_download,contract,187221,0.179,f3f287edf58cc6a3294d1533b0af9d5571022a2032c1b7b953b86b14190ab77f,,,2026-06-11T18:07:18+00:00,
pdf_000008,004_contract.pdf,downloads/004_contract.pdf,downloads,raw_download,contract,405845,0.387,f6c680885b2bb55ec5a54486fc5503385f5b86dc9136b85e21e381e23b60c059,,,2026-06-11T18:07:18+00:00,
pdf_000009,004_financial_environmental_report.pdf,downloads/004_financial_environmental_report.pdf,downloads,raw_download,financial_environmental_report,335193,0.320,8b961534e0466a95a2fc56ef964f8cc84a06e50c7eb9fa4636b604d10ad3faca,,,2026-06-11T18:07:18+00:00,
pdf_000010,005_contract.pdf,downloads/005_contract.pdf,downloads,raw_download,contract,540810,0.516,08824d17022d590ccadc2db9da3842e2695420134a8165690a82a4a2dc9bb279,,,2026-06-11T18:07:18+00:00,
pdf_000011,005_financial_environmental_report.pdf,downloads/005_financial_environmental_report.pdf,downloads,raw_download,financial_environmental_report,207047,0.197,fb3da4126765207adea4d789e9bb09c0ba3be5938fed0654c20bf860bbe490df,,,2026-06-11T18:07:18+00:00,
pdf_000012,006_contract.pdf,downloads/006_contract.pdf,downloads,raw_download,contract,49684,0.047,9e45caa2fe56e7c7d09c78b143e624e749375806c133a51a99cf17cfbba6719a,,,2026-06-11T18:07:18+00:00,
pdf_000013,007_contract.pdf,downloads/007_contract.pdf,downloads,raw_download,contract,322238,0.307,5c77509156e990709837e55534eb63115851c7cbeb285b6aa3fd9cffa0b97ea0,,,2026-06-11T18:07:18+00:00,
pdf_000014,008_contract.pdf,downloads/008_contract.pdf,downloads,raw_download,contract,525253,0.501,9bae06a820e1838f89f129fcaf08150b5f050ec388b69773462fa54b7f04dd7f,,,2026-06-11T18:07:18+00:00,
pdf_000015,008_financial_environmental_report.pdf,downloads/008_financial_environmental_report.pdf,downloads,raw_download,financial_environmental_report,557660,0.532,c2073e2b8971da46eebf40ffa422af111aa954cc7233b4348e1837e2d7859fc7,,,2026-06-11T18:07:18+00:00,
pdf_000016,009_financial_environmental_report.pdf,downloads/009_financial_environmental_report.pdf,downloads,raw_download,financial_environmental_report,408182,0.389,af83c8c4c6f8201a36bbd31984e919f8218b750ad6117f5b0601c572effede30,,,2026-06-11T18:07:18+00:00,
pdf_000017,010_contract.pdf,downloads/010_contract.pdf,downloads,raw_download,contract,51417,0.049,2e14dc56d9cca888ae35ed0cc5f1fec3be04b15e84b422ec3168133fd055f7b2,,,2026-06-11T18:07:18+00:00,
pdf_000018,010_financial_environmental_report.pdf,downloads/010_financial_environmental_report.pdf,downloads,raw_download,financial_environmental_report,5230610,4.988,4fb788ffdaa4faf88a42a1b8dee584aff45f983534ba0a72df55e65fdad63b44,,,2026-06-11T18:07:18+00:00,
pdf_000019,011_contract.pdf,downloads/011_contract.pdf,downloads,raw_download,contract,630457,0.601,e7ff95bb30eb9e1629eec75684f44a7774f0f1284f7f1088af2cc9a992848379,,,2026-06-11T18:07:18+00:00,
pdf_000020,012_contract.pdf,downloads/012_contract.pdf,downloads,raw_download,contract,842137,0.803,acc19e90a9aec13f4653e5beba6e31283535920e9889d5dc0768f4ed4ce23584,,,2026-06-11T18:07:18+00:00,
pdf_000021,013_contract.pdf,downloads/013_contract.pdf,downloads,raw_download,contract,326649,0.312,09bcba3609c120e7d12d469cf78cba9338f0fd6a24c3bc5f3d7b241c862dc762,,,2026-06-11T18:07:18+00:00,
pdf_000022,013_financial_environmental_report.pdf,downloads/013_financial_environmental_report.pdf,downloads,raw_download,financial_environmental_report,409340,0.390,305deda2c7901dc13f521bf5c56eae9c49d401fb23841080cf6fa880d4d4bf79,,,2026-06-11T18:07:18+00:00,
pdf_000023,014_contract.pdf,downloads/014_contract.pdf,downloads,raw_download,contract,327438,0.312,95330992c35a8adb28f47830d05c953acc41c80e74049175e8f092700cf17c18,,,2026-06-11T18:07:18+00:00,
pdf_000024,014_financial_environmental_report.pdf,downloads/014_financial_environmental_report.pdf,downloads,raw_download,financial_environmental_report,49537,0.047,6fea345b76adba9a7c8653ac41c6890adf1c92189bd0d2121c1938decc4fdde6,,,2026-06-11T18:07:18+00:00,
pdf_000025,015_contract.pdf,downloads/015_contract.pdf,downloads,raw_download,contract,399161,0.381,9b07d557ff11ea84b599cda19a3c6aef91c5a271bf47d8b6b66a78de367a94cc,,,2026-06-11T18:07:18+00:00,
pdf_000026,015_financial_environmental_report.pdf,downloads/015_financial_environmental_report.pdf,downloads,raw_download,financial_environmental_report,204423,0.195,f74a643c5d2caf36e5f9097185e5f59420c9261a2ff7134fd45c5ad8ad16bbbd,,,2026-06-11T18:07:18+00:00,
pdf_000027,016_contract.pdf,downloads/016_contract.pdf,downloads,raw_download,contract,304675,0.291,b24a6f38098dc235e8cbccb527e60f51ced713a846376c623344e19faa79dcbe,,,2026-06-11T18:07:18+00:00,
pdf_000028,016_financial_environmental_report.pdf,downloads/016_financial_environmental_report.pdf,downloads,raw_download,financial_environmental_report,213563,0.204,9b919b082be3100dc54186a8f31c02c2654ac17ed874bd4c438b5a2448c26a74,,,2026-06-11T18:07:18+00:00,
pdf_000029,017_contract.pdf,downloads/017_contract.pdf,downloads,raw_download,contract,293111,0.280,1bed9539b33b04e27815ad0c322c14e975c0248bbe9798e42367c2d40027d4bc,,,2026-06-11T18:07:18+00:00,
pdf_000030,017_financial_environmental_report.pdf,downloads/017_financial_environmental_report.pdf,downloads,raw_download,financial_environmental_report,236050,0.225,55c65ea69a3e601c0ebb742ddd79b58386f71a5a2ee06b5c2e3e3bb86c153c95,,,2026-06-11T18:07:18+00:00,
pdf_000031,018_contract.pdf,downloads/018_contract.pdf,downloads,raw_download,contract,393165,0.375,75c2e0600bca6db66684dc2c3dd1523abe0822d7c672a42b62af96ce942470e4,,,2026-06-11T18:07:18+00:00,
pdf_000032,018_financial_environmental_report.pdf,downloads/018_financial_environmental_report.pdf,downloads,raw_download,financial_environmental_report,130116,0.124,eaeee2888647472da58a093537efdf766ee17002f271ce127963ccf6a3ef46c4,,,2026-06-11T18:07:18+00:00,
pdf_000033,020_contract.pdf,downloads/020_contract.pdf,downloads,raw_download,contract,704649,0.672,e262e1fd28e18ed35965ff4c8c08773f41d3fe63660fb44af6703c8f1b4282a5,,,2026-06-11T18:07:18+00:00,
pdf_000034,020_financial_environmental_report.pdf,downloads/020_financial_environmental_report.pdf,downloads,raw_download,financial_environmental_report,252759,0.241,d10b2148edf25a978b774f9de26371007eddefda77a0380a8f1981dc03eb600f,,,2026-06-11T18:07:18+00:00,
pdf_000035,021_contract.pdf,downloads/021_contract.pdf,downloads,raw_download,contract,864223,0.824,3adaf754c5bb1ee819939882e8931d5483a57b54a997d3ffa0b854d23ba6180f,,,2026-06-11T18:07:18+00:00,
pdf_000036,021_financial_environmental_report.pdf,downloads/021_financial_environmental_report.pdf,downloads,raw_download,financial_environmental_report,236603,0.226,44887329464fb5c3045af6b8f8979f28645c11b287bc5866e88968d7c0b56c3e,,,2026-06-11T18:07:18+00:00,
pdf_000037,022_contract.pdf,downloads/022_contract.pdf,downloads,raw_download,contract,295018,0.281,9334b32c67a83aed87045113cd4775a642de3e044e6ecc3e14f430c7af98d5cd,,,2026-06-11T18:07:18+00:00,
pdf_000038,022_financial_environmental_report.pdf,downloads/022_financial_environmental_report.pdf,downloads,raw_download,financial_environmental_report,2949110,2.812,f60f314ab551076eba748cf045e223f55d31984b58e98cf0c8c1dcd47c245cf2,,,2026-06-11T18:07:18+00:00,
pdf_000039,023_contract.pdf,downloads/023_contract.pdf,downloads,raw_download,contract,467806,0.446,69a6a7408ebfca2202e760b098298ed3ee137efae12ec783b2255fc1dee10f39,,,2026-06-11T18:07:18+00:00,
pdf_000040,023_financial_environmental_report.pdf,downloads/023_financial_environmental_report.pdf,downloads,raw_download,financial_environmental_report,311597,0.297,319d9565a629ef1735e551f009953055eb0b382e17f22c6693378bb254c6c0e5,,,2026-06-11T18:07:18+00:00,
pdf_000041,024_contract.pdf,downloads/024_contract.pdf,downloads,raw_download,contract,1121360,1.069,deea1612c6e88cb2f79ffbe11ae662c34818b0f830649098b02de660716e599e,,,2026-06-11T18:07:18+00:00,
pdf_000042,024_financial_environmental_report.pdf,downloads/024_financial_environmental_report.pdf,downloads,raw_download,financial_environmental_report,2836833,2.705,8f7f9db96232d4c1c0eefa9f0e09812866480ffedf160ff6b5afbec990e620bb,,,2026-06-11T18:07:18+00:00,
pdf_000043,025_contract.pdf,downloads/025_contract.pdf,downloads,raw_download,contract,1747113,1.666,c2fdaed51dff95ec54bb3b4365ad8881685fc97958a002632802093d415efa5c,,,2026-06-11T18:07:18+00:00,
pdf_000044,025_financial_environmental_report.pdf,downloads/025_financial_environmental_report.pdf,downloads,raw_download,financial_environmental_report,8001499,7.631,0e937b8c3fc4744201cc688fd977699ac1452d6f9685f10f60a9bebaf43f1d66,,,2026-06-11T18:07:18+00:00,
pdf_000045,026_contract.pdf,downloads/026_contract.pdf,downloads,raw_download,contract,165618,0.158,0db7da7319ca95e3048720e51cdfc9e238f0af8b6d3e2e282e0a32af335139c7,,,2026-06-11T18:07:18+00:00,
pdf_000046,026_financial_environmental_report.pdf,downloads/026_financial_environmental_report.pdf,downloads,raw_download,financial_environmental_report,9274390,8.845,d312b09e0f035ebfcd93fe5eceb08e579fc663a7f077c93375a292a8962dfb40,,,2026-06-11T18:07:18+00:00,
pdf_000047,026_receipt.pdf,downloads/026_receipt.pdf,downloads,raw_download,receipt,4861934,4.637,de048e90446581cc7269fe1abbfa65c60cf40db8dd2cf817f6e9fcb6dc59c705,,,2026-06-11T18:07:18+00:00,
pdf_000048,027_contract.pdf,downloads/027_contract.pdf,downloads,raw_download,contract,4075509,3.887,650b48432834bdde8b48e7fa65577bc9dbcd06d0ceb201c1b450409e365de675,,,2026-06-11T18:07:18+00:00,
pdf_000049,027_hospital_claim.pdf,downloads/027_hospital_claim.pdf,downloads,raw_download,hospital_claim,3244845,3.095,da82a294f02636e8a7cfa8b90a9d39af1a49ba1c59fa8eccd4e18545865c8b41,,,2026-06-11T18:07:18+00:00,
pdf_000050,028_contract.pdf,downloads/028_contract.pdf,downloads,raw_download,contract,1210567,1.154,6f0cbd99611e354e63b53f0085699621b102d83eb75391416c11df82953f87d9,,,2026-06-11T18:07:18+00:00,
pdf_000051,028_financial_environmental_report.pdf,downloads/028_financial_environmental_report.pdf,downloads,raw_download,financial_environmental_report,59471,0.057,bc380640b67a1c390b9990135cf2e6910ba34d3b0d2aac6121f4d8ac2e90e6c3,,,2026-06-11T18:07:18+00:00,
pdf_000052,029_contract.pdf,downloads/029_contract.pdf,downloads,raw_download,contract,8881648,8.470,61d343ea9078ea5a3deba2b0a4c70ee112180b83cca0821f7a5ba8b433025b14,,,2026-06-11T18:07:18+00:00,
pdf_000053,030_contract.pdf,downloads/030_contract.pdf,downloads,raw_download,contract,242574,0.231,cb30ab6f19eaaf070362e9a7a2cd6d8a8f1a80b918e3e8609cb8396cc5842633,,,2026-06-11T18:07:18+00:00,
pdf_000054,030_receipt.pdf,downloads/030_receipt.pdf,downloads,raw_download,receipt,2275757,2.170,3cdd20f7870c9ae79fc8cd852d5a64a65c63427407c6a837d54aebe7fcb8241f,,,2026-06-11T18:07:18+00:00,
pdf_000055,031_contract.pdf,downloads/031_contract.pdf,downloads,raw_download,contract,236874,0.226,7e7a919d2ca168aadd6247966438eec39c2e9041abad9b1e2e32e14caf14dcbb,,,2026-06-11T18:07:18+00:00,
pdf_000056,031_receipt.pdf,downloads/031_receipt.pdf,downloads,raw_download,receipt,2557870,2.439,6c90d6cfa61412f9b0c5110b6dbccfc11e6a552f406be8c59531ba0c68b4d54d,,,2026-06-11T18:07:18+00:00,
pdf_000057,032_contract.pdf,downloads/032_contract.pdf,downloads,raw_download,contract,162912,0.155,27ded4563db6dff657773ea7b944260bbf4bbf77fc0889644ac7ef18a9772ecc,,,2026-06-11T18:07:18+00:00,
pdf_000058,032_receipt.pdf,downloads/032_receipt.pdf,downloads,raw_download,receipt,24123,0.023,e6622a95ec407ee5f4c3c9b89133a4b76a00f45b8a5a8a4ef67944dcb6eab052,,,2026-06-11T18:07:18+00:00,
pdf_000059,033_contract.pdf,downloads/033_contract.pdf,downloads,raw_download,contract,134856,0.129,b4d62904a7d0937e46fe2bf3397645be95ce4208429ccc19f772cd9df7e22c0d,,,2026-06-11T18:07:18+00:00,
pdf_000060,033_receipt.pdf,downloads/033_receipt.pdf,downloads,raw_download,receipt,2242806,2.139,9df2f8521dccc7cffe5e09f4635738fd783682d115d682394be2b9a689bad581,,,2026-06-11T18:07:18+00:00,
pdf_000061,034_contract.pdf,downloads/034_contract.pdf,downloads,raw_download,contract,113635,0.108,d870c71dd77e8c4e6f1ff52716affce3893fa465945ce5d5fe8a95b4fbcf43fe,,,2026-06-11T18:07:18+00:00,
pdf_000062,034_receipt.pdf,downloads/034_receipt.pdf,downloads,raw_download,receipt,380540,0.363,2b6e98401e6dd60fdccc8b3b6708a8e564c92f0c8a72d9ff9c1056af2fecf7d4,,,2026-06-11T18:07:18+00:00,
pdf_000063,035_certificate_of_analysis.pdf,downloads/035_certificate_of_analysis.pdf,downloads,raw_download,certificate_of_analysis,9993197,9.530,08faa46eb54305df1b3153cfff6f0823a35a1c2e303cd5294fb219b492d182b5,,,2026-06-11T18:07:18+00:00,
pdf_000064,035_contract.pdf,downloads/035_contract.pdf,downloads,raw_download,contract,255509,0.244,4364eb3207e383bb6f38bbd1c604fb094cb8154cf989bc3b9f8d04bf071c51f8,,,2026-06-11T18:07:18+00:00,
pdf_000065,036_certificate_of_analysis.pdf,downloads/036_certificate_of_analysis.pdf,downloads,raw_download,certificate_of_analysis,5857040,5.586,f26926d4fd8c24030ca5d3b1a37212ca18452b4903c4aa91a3ed1531c2225f33,,,2026-06-11T18:07:18+00:00,
pdf_000066,036_contract.pdf,downloads/036_contract.pdf,downloads,raw_download,contract,258994,0.247,9e5733d4e08e45cf58f9f79a675a1ea4d678bb8c07b13f57a15df84ad28d0d95,,,2026-06-11T18:07:18+00:00,
pdf_000067,037_certificate_of_analysis.pdf,downloads/037_certificate_of_analysis.pdf,downloads,raw_download,certificate_of_analysis,0,0.000,e3b0c44298fc1c149afbf4c8996fb92427ae41e4649b934ca495991b7852b855,,,2026-06-11T18:07:18+00:00,
pdf_000068,037_contract.pdf,downloads/037_contract.pdf,downloads,raw_download,contract,591522,0.564,f32dd7d0927c9d30a7db78149f148c634b79c5506405a245ab09ac3239b73e4e,,,2026-06-11T18:07:18+00:00,
pdf_000069,038_contract.pdf,downloads/038_contract.pdf,downloads,raw_download,contract,451796,0.431,fd6bc6844fd14e23fb132c8090dbf599f067a24858e0107f3f31779d48467a85,,,2026-06-11T18:07:18+00:00,
pdf_000070,039_contract.pdf,downloads/039_contract.pdf,downloads,raw_download,contract,668562,0.638,292deffce47aec1e0adcb848629d9ec1871d1b9b394a5f34adf108c343af0e7e,,,2026-06-11T18:07:18+00:00,
pdf_000071,039_hospital_claim.pdf,downloads/039_hospital_claim.pdf,downloads,raw_download,hospital_claim,302817,0.289,a602f3354ba277b7ad057051b2cf6ce56268cbdb2e7b64ce305d4419fb41c7b8,,,2026-06-11T18:07:18+00:00,
pdf_000072,040_contract.pdf,downloads/040_contract.pdf,downloads,raw_download,contract,263482,0.251,0c9f62d1bcc90a0d627a5499dd64e6368269bfa07c9cf35b14ca17ddd9323a6f,,,2026-06-11T18:07:18+00:00,
pdf_000073,041_contract.pdf,downloads/041_contract.pdf,downloads,raw_download,contract,976288,0.931,6ab6263cf53de947c4da2788c556966889cfcb6553cc8eb3e569e4118d9e3664,,,2026-06-11T18:07:18+00:00,
pdf_000074,041_hospital_claim.pdf,downloads/041_hospital_claim.pdf,downloads,raw_download,hospital_claim,1258445,1.200,d419f92965eebe5e21b4dd8852c51fe429f1ae83efc7e181fddf333b753f480b,,,2026-06-11T18:07:18+00:00,
pdf_000075,042_contract.pdf,downloads/042_contract.pdf,downloads,raw_download,contract,361066,0.344,ad5f563c43e44de9e8f7000ca3af9f59a70a597039f3014e91ebafbda92e2350,,,2026-06-11T18:07:18+00:00,
pdf_000076,042_hospital_claim.pdf,downloads/042_hospital_claim.pdf,downloads,raw_download,hospital_claim,245026,0.234,def43f718413c288ebb32a4194048e6152204cbd3fc85fcff9f9d636f6ef5071,,,2026-06-11T18:07:18+00:00,
pdf_000077,043_hospital_claim.pdf,downloads/043_hospital_claim.pdf,downloads,raw_download,hospital_claim,1493430,1.424,edf01c081669f325cda56695e47a8f7e9b8722454d2c3e94d733c70622784edc,,,2026-06-11T18:07:18+00:00,
pdf_000078,044_contract.pdf,downloads/044_contract.pdf,downloads,raw_download,contract,136736,0.130,ec56e0aaf1ecd7c5b91e44d0229bc77ce53105de3faa7cc38091cc6ade93a4c7,,,2026-06-11T18:07:18+00:00,
pdf_000079,044_patient_form.pdf,downloads/044_patient_form.pdf,downloads,raw_download,patient_form,256976,0.245,631c84b07c9c4181c0470ac53e866a5f2b3e8e8d237d95305c6c1038e42675d8,,,2026-06-11T18:07:18+00:00,
pdf_000080,045_contract.pdf,downloads/045_contract.pdf,downloads,raw_download,contract,251335,0.240,385daf8a2a0384083c077f9ab6b3e86d2d0e01e7b80804ae7dac35c175765c16,,,2026-06-11T18:07:18+00:00,
pdf_000081,046_contract.pdf,downloads/046_contract.pdf,downloads,raw_download,contract,179158,0.171,1ee7ba892688db2f9a814f69cd370c494ed1c9a85bd9e39c802c061dd7511d67,,,2026-06-11T18:07:18+00:00,
pdf_000082,046_patient_form.pdf,downloads/046_patient_form.pdf,downloads,raw_download,patient_form,62195,0.059,77106d5aca017c1fad996fe64358decd13c01a729714e9d93087e1785db1557d,,,2026-06-11T18:07:18+00:00,
pdf_000083,047_contract.pdf,downloads/047_contract.pdf,downloads,raw_download,contract,308059,0.294,19e550cff98903ccf488f52d983c5c20956abaaa8f29703adbb1b316dfb4ff30,,,2026-06-11T18:07:18+00:00,
pdf_000084,047_patient_form.pdf,downloads/047_patient_form.pdf,downloads,raw_download,patient_form,144946,0.138,47fb6ec5e1d2f809ff0623f70d0d2f319d070a208a317e3f6c1afc381b11b9c5,,,2026-06-11T18:07:18+00:00,
pdf_000085,048_contract.pdf,downloads/048_contract.pdf,downloads,raw_download,contract,350071,0.334,f7c7da3c3880d9701929a21bf1ea3efb9bc2747e2ca6bf10632781d7745504fc,,,2026-06-11T18:07:18+00:00,
pdf_000086,048_medical_doctor_note.pdf,downloads/048_medical_doctor_note.pdf,downloads,raw_download,medical_doctor_note,2292147,2.186,28872a540637a95b0f39b7b4a5aa0993094431efd64f12e10e32e4ce9af0f094,,,2026-06-11T18:07:18+00:00,
pdf_000087,049_contract.pdf,downloads/049_contract.pdf,downloads,raw_download,contract,389006,0.371,af74fff02b200606de98627ae248a98d1bd24e9aab041c9f8158f4b43ce4ccdd,,,2026-06-11T18:07:18+00:00,
pdf_000088,051_contract.pdf,downloads/051_contract.pdf,downloads,raw_download,contract,730506,0.697,55944458b26493f4d988f05f04b6e270e38af14a7e8fcc7df0179809862cda8d,,,2026-06-11T18:07:18+00:00,
pdf_000089,051_logistics_financial.pdf,downloads/051_logistics_financial.pdf,downloads,raw_download,logistics_financial,194535,0.186,378ba276f2b6a9587568adb00eac73adc92bdc99d89f0f7beca1077af8495067,,,2026-06-11T18:07:18+00:00,
pdf_000090,052_contract.pdf,downloads/052_contract.pdf,downloads,raw_download,contract,360028,0.343,babc82d3e7739adaae735c758c429f1f47fc5c6bc9ce9b51f1a0c1f67cda2090,,,2026-06-11T18:07:18+00:00,
pdf_000091,052_logistics_financial.pdf,downloads/052_logistics_financial.pdf,downloads,raw_download,logistics_financial,150165,0.143,15e917aa1089e2fa9cf8760a770797385ff177a7f003137bee9e0b7a938aa2de,,,2026-06-11T18:07:18+00:00,
pdf_000092,053_contract.pdf,downloads/053_contract.pdf,downloads,raw_download,contract,172184,0.164,6ebd55efc9cf4b955283ccacc332ba19e9a9879289bcd15426d56386aac8177e,,,2026-06-11T18:07:18+00:00,
pdf_000093,054_contract.pdf,downloads/054_contract.pdf,downloads,raw_download,contract,181112,0.173,b13de7af4147fc1311b6396f72098a07e55c7fcd35d6c779b70d630ff19efb98,,,2026-06-11T18:07:18+00:00,
pdf_000094,054_logistics_financial.pdf,downloads/054_logistics_financial.pdf,downloads,raw_download,logistics_financial,343865,0.328,a7e5cfe8f8d07c3cd8ee58bbfd5f60ccaf96548f5be47e6488069b1a76ad2e1e,,,2026-06-11T18:07:18+00:00,
pdf_000095,055_contract.pdf,downloads/055_contract.pdf,downloads,raw_download,contract,228174,0.218,7ece6a0f89045c171a43a89dba51a5e9b02254d4607936a70c5928a8f753517c,,,2026-06-11T18:07:18+00:00,
pdf_000096,055_logistics_financial.pdf,downloads/055_logistics_financial.pdf,downloads,raw_download,logistics_financial,190403,0.182,939125fd67f0dfb778c0c3cd89613cce298c548760eab72e07c7cbc4c813a6ad,,,2026-06-11T18:07:18+00:00,
pdf_000097,056_contract.pdf,downloads/056_contract.pdf,downloads,raw_download,contract,156456,0.149,5e28ca3b3fce644e6579e3ecfc434bb6566299d6861f20332873acdac8454151,,,2026-06-11T18:07:18+00:00,
pdf_000098,057_contract.pdf,downloads/057_contract.pdf,downloads,raw_download,contract,98088,0.094,d890bb0f3da13c4ac1b97b3d09f4143b987607f5a8327954bab86a738ce151d1,,,2026-06-11T18:07:18+00:00,
pdf_000099,057_handwritten.pdf,downloads/057_handwritten.pdf,downloads,raw_download,handwritten,251846,0.240,51d4582ac07371de5f95d71379cf6a665b4a0462791a5d8e93d22a0098bd495a,,,2026-06-11T18:07:18+00:00,
pdf_000100,058_contract.pdf,downloads/058_contract.pdf,downloads,raw_download,contract,275555,0.263,5a64b83d4c6eee5ce08c1ca2fd1fbbc201f040487a34cab03c0e20117452e626,,,2026-06-11T18:07:18+00:00,
pdf_000101,059_contract.pdf,downloads/059_contract.pdf,downloads,raw_download,contract,55075,0.053,0ad7f81c4b53bd22c20d994cfe1b44df3ed2c9fa27d612e8bfc76062ce726568,,,2026-06-11T18:07:18+00:00,
pdf_000102,059_handwritten.pdf,downloads/059_handwritten.pdf,downloads,raw_download,handwritten,163040,0.155,947726a15bd6f0e4aa4225ca4e8c7402d535c640c85d46ea56520312e9465d7c,,,2026-06-11T18:07:18+00:00,
pdf_000103,060_contract.pdf,downloads/060_contract.pdf,downloads,raw_download,contract,382663,0.365,b97f9ef4be45ce8f01e14820f52a0baf26796d1110b9bd41ebb87c75ee05d41f,,,2026-06-11T18:07:18+00:00,
pdf_000104,061_contract.pdf,downloads/061_contract.pdf,downloads,raw_download,contract,581287,0.554,37ea6bd80297df6edc59dc6f5c7abce1403667cd5a0fd8ded5c57495ca3d5bc0,,,2026-06-11T18:07:18+00:00,
pdf_000105,062_contract.pdf,downloads/062_contract.pdf,downloads,raw_download,contract,53886,0.051,ab3f35dc789a19779740629df5d0172b103997df9f9fcfe9c45fd5e98a7b8e02,,,2026-06-11T18:07:18+00:00,
pdf_000106,063_contract.pdf,downloads/063_contract.pdf,downloads,raw_download,contract,508253,0.485,f8e64184fe2f5196720bf8f36bfe9ce829317d4fd90cc5cbc13c1571c740c889,,,2026-06-11T18:07:18+00:00,
pdf_000107,063_handwritten.pdf,downloads/063_handwritten.pdf,downloads,raw_download,handwritten,228613,0.218,19d31a819128e171c88e5d04740973020d6d03f48fdb4e2570dd2821069b5b30,,,2026-06-11T18:07:18+00:00,
pdf_000108,065_handwritten.pdf,downloads/065_handwritten.pdf,downloads,raw_download,handwritten,278319,0.265,284f95e0d61df09c03e18adabfe751deea204d3c5395d91aa9604e16086443ba,,,2026-06-11T18:07:18+00:00,
pdf_000109,066_contract.pdf,downloads/066_contract.pdf,downloads,raw_download,contract,187677,0.179,cc6641996fd138929784272d0de9aeeb62b5c192b07763ade985188bc345c1cb,,,2026-06-11T18:07:18+00:00,
pdf_000110,066_handwritten.pdf,downloads/066_handwritten.pdf,downloads,raw_download,handwritten,187283,0.179,d38b70a63de0cd44ff09d641cc020ac75cf2f47e1fcb04ce45fbf22ec17f5fa3,,,2026-06-11T18:07:18+00:00,
pdf_000111,067_contract.pdf,downloads/067_contract.pdf,downloads,raw_download,contract,327254,0.312,91135631524d0c3e07260baf5cddddf040a2ea69715032378c8e4fdeee4c1821,,,2026-06-11T18:07:18+00:00,
pdf_000112,067_handwritten.pdf,downloads/067_handwritten.pdf,downloads,raw_download,handwritten,104043,0.099,61b65c75fdc94fc11002fe330fae974759a8150310752eca32f44e93a05b1422,,,2026-06-11T18:07:18+00:00,
pdf_000113,068_contract.pdf,downloads/068_contract.pdf,downloads,raw_download,contract,236783,0.226,a071b756356eca68ff56632fb64de23f39a1a6090856183d2490953ad93e6500,,,2026-06-11T18:07:18+00:00,
pdf_000114,068_handwritten.pdf,downloads/068_handwritten.pdf,downloads,raw_download,handwritten,2112875,2.015,199ad7ce90018f3723d40e38248658afaf85b1a6859ddefe9826ed5bb5006a53,,,2026-06-11T18:07:18+00:00,
pdf_000115,069_contract.pdf,downloads/069_contract.pdf,downloads,raw_download,contract,225798,0.215,45ec64c354888672fdc1e67076d6a7cc2b2a3f159f542e1103cff2524dca3fc0,,,2026-06-11T18:07:18+00:00,
pdf_000116,069_handwritten.pdf,downloads/069_handwritten.pdf,downloads,raw_download,handwritten,846008,0.807,7d4fa72f4098a11ea119ea83a2be7d24d48d8c68b6d3c92b486c8dec4aea0179,,,2026-06-11T18:07:18+00:00,
pdf_000117,070_contract.pdf,downloads/070_contract.pdf,downloads,raw_download,contract,236300,0.225,cbb791235189976d97a46375c358be2201066547c36cd279dbcf42d18c78827a,,,2026-06-11T18:07:18+00:00,
pdf_000118,071_handwritten.pdf,downloads/071_handwritten.pdf,downloads,raw_download,handwritten,352984,0.337,9b8ab23487bfb744079014f7c058aa373c4243f7e50bcbfc37ee6dfb223c19d9,,,2026-06-11T18:07:18+00:00,
pdf_000119,072_contract.pdf,downloads/072_contract.pdf,downloads,raw_download,contract,264054,0.252,8f0a0184b5fe6caeb49a03e8a7f095e0eff35a55f07d969cc18fcac92bdef656,,,2026-06-11T18:07:18+00:00,
pdf_000120,073_contract.pdf,downloads/073_contract.pdf,downloads,raw_download,contract,186363,0.178,c43d022ff9825c28c169f3d9577e8f01bcdb8c1a6941161e13905ff9e40313e1,,,2026-06-11T18:07:18+00:00,
pdf_000121,073_handwritten.pdf,downloads/073_handwritten.pdf,downloads,raw_download,handwritten,117332,0.112,35c9597b0ba7354ef20a4f986ec82ce44f0eb892d85e8fdc67e50d31fd7b7f6b,,,2026-06-11T18:07:18+00:00,
pdf_000122,074_financial_environmental_report.pdf,downloads/074_financial_environmental_report.pdf,downloads,raw_download,financial_environmental_report,41505,0.040,92e729c71d176f67f39c3e177e1f6e484adfd777fda45eaf79739dea417e8be9,,,2026-06-11T18:07:18+00:00,
pdf_000123,074_handwritten.pdf,downloads/074_handwritten.pdf,downloads,raw_download,handwritten,522223,0.498,a1c47345d8b978c0bc8aee8eba4ca0e24c90bfe5dd609d0264325f8edaf2adda,,,2026-06-11T18:07:18+00:00,
pdf_000124,075_contract.pdf,downloads/075_contract.pdf,downloads,raw_download,contract,327302,0.312,2410d4b84a048fdb8e80147fdacd0652a38d788cf34199ba26722ff8faf7b43c,,,2026-06-11T18:07:18+00:00,
pdf_000125,075_handwritten.pdf,downloads/075_handwritten.pdf,downloads,raw_download,handwritten,200616,0.191,872cbdfd04b35b95534db0675a9adcbe6d6c6bd816ec710a64126daa19e0d144,,,2026-06-11T18:07:18+00:00,
pdf_000126,076_financial_environmental_report.pdf,downloads/076_financial_environmental_report.pdf,downloads,raw_download,financial_environmental_report,78488,0.075,f42b99e9d2c8e38e5d713d7741b49f86e7adf11b98098c397cefe41e351828b5,,,2026-06-11T18:07:18+00:00,
pdf_000127,077_contract.pdf,downloads/077_contract.pdf,downloads,raw_download,contract,107352,0.102,760aee12162e465b648e23b9b8d0f083fe87ab8ff2a201310fad6324abfd6e0e,,,2026-06-11T18:07:18+00:00,
pdf_000128,077_financial_environmental_report.pdf,downloads/077_financial_environmental_report.pdf,downloads,raw_download,financial_environmental_report,49030,0.047,95c616e51219ec136e3dac8ec625995afe9109c4abd6758fcd34efe8c70024b4,,,2026-06-11T18:07:18+00:00,
pdf_000129,078_contract.pdf,downloads/078_contract.pdf,downloads,raw_download,contract,249778,0.238,a59bb653f1ace9e29f01742818d12d38e661194c081b47d724cf92af543fa183,,,2026-06-11T18:07:18+00:00,
pdf_000130,078_financial_environmental_report.pdf,downloads/078_financial_environmental_report.pdf,downloads,raw_download,financial_environmental_report,53310,0.051,f096601c745ee1ec2563f05d3ba5c04497d47d3cc3cd724bc37fa0dd425edef7,,,2026-06-11T18:07:18+00:00,
pdf_000131,079_contract.pdf,downloads/079_contract.pdf,downloads,raw_download,contract,356576,0.340,fd48d4aed7d99b47c2de548c561bdf6cbbb5969a6b8ce6d4d66b14f7d6a8ae85,,,2026-06-11T18:07:18+00:00,
pdf_000132,079_financial_environmental_report.pdf,downloads/079_financial_environmental_report.pdf,downloads,raw_download,financial_environmental_report,47933,0.046,48a94f511d166a5315d6b9cd9720cdb728870289cdf58cdf3d99abeaef5b6cf9,,,2026-06-11T18:07:18+00:00,
pdf_000133,079_handwritten.pdf,downloads/079_handwritten.pdf,downloads,raw_download,handwritten,549351,0.524,b63c33f6a0768f4a70f5b16ef8f16e080dcd8b56bd005d1785e19118b47f374a,,,2026-06-11T18:07:18+00:00,
pdf_000134,080_contract.pdf,downloads/080_contract.pdf,downloads,raw_download,contract,232584,0.222,2fc62c083d2d7f1dc4b2c7a991a1ea881271f6929f91f6046547632ee2f3c899,,,2026-06-11T18:07:18+00:00,
pdf_000135,080_handwritten.pdf,downloads/080_handwritten.pdf,downloads,raw_download,handwritten,254171,0.242,6b180c577e7d6520816398961339c5ad2c9182a22c2272b99c7ac93f73819aaf,,,2026-06-11T18:07:18+00:00,
pdf_000136,081_handwritten.pdf,downloads/081_handwritten.pdf,downloads,raw_download,handwritten,908882,0.867,2badcd36c1ad4b6d9e23023d5ec074067eaa8db06b3e332925dbb44fa1436cf7,,,2026-06-11T18:07:18+00:00,
pdf_000137,082_financial_environmental_report.pdf,downloads/082_financial_environmental_report.pdf,downloads,raw_download,financial_environmental_report,87502,0.083,d95af260ac1257280d0b275b84cb7ee6107b93fa09baedefcb85ee65f7b65afb,,,2026-06-11T18:07:18+00:00,
pdf_000138,082_handwritten.pdf,downloads/082_handwritten.pdf,downloads,raw_download,handwritten,3216877,3.068,7666287e2b9876c4fef815867e342c329aabe9af76b5d6a0c04f86a579bcaad6,,,2026-06-11T18:07:18+00:00,
pdf_000139,083_financial_environmental_report.pdf,downloads/083_financial_environmental_report.pdf,downloads,raw_download,financial_environmental_report,207157,0.198,e166328573b06418de1fdeff8d8645fad04e5480560a15bee67afb725cc00d93,,,2026-06-11T18:07:18+00:00,
pdf_000140,083_handwritten.pdf,downloads/083_handwritten.pdf,downloads,raw_download,handwritten,497747,0.475,4bdf314dcbd0c5859efca69f3ab38e0294f1ffc79089703596e10941f9a920f7,,,2026-06-11T18:07:18+00:00,
pdf_000141,084_financial_environmental_report.pdf,downloads/084_financial_environmental_report.pdf,downloads,raw_download,financial_environmental_report,163798,0.156,a30234a7790039d4028b426fffa55f24c146c9b09462521bb7bcd411d2c8f4ad,,,2026-06-11T18:07:18+00:00,
pdf_000142,084_handwritten.pdf,downloads/084_handwritten.pdf,downloads,raw_download,handwritten,415147,0.396,7083f52fb86faf432ba8dc4b1c2fd3085132866888f57a604eb7cb9c597e4497,,,2026-06-11T18:07:18+00:00,
pdf_000143,085_financial_environmental_report.pdf,downloads/085_financial_environmental_report.pdf,downloads,raw_download,financial_environmental_report,252210,0.241,0dd163c3ceee6d2aa27f75ddfa57c6c59d4ecc9d6fa1d16f0b0f4f5c8adebc42,,,2026-06-11T18:07:18+00:00,
pdf_000144,085_handwritten.pdf,downloads/085_handwritten.pdf,downloads,raw_download,handwritten,6145731,5.861,4f2ec78ffcd436b55d11862f83951bcc3da7b0c45dd11e2b06e27e10858f837e,,,2026-06-11T18:07:18+00:00,
pdf_000145,086_financial_environmental_report.pdf,downloads/086_financial_environmental_report.pdf,downloads,raw_download,financial_environmental_report,548878,0.523,054470e8fb9d64270aba9b954a4fa99d26f67333807bba4d8f4d274903d1cadb,,,2026-06-11T18:07:18+00:00,
pdf_000146,086_handwritten.pdf,downloads/086_handwritten.pdf,downloads,raw_download,handwritten,104143,0.099,740e2f7e0f4c18bde0a57564d2f7e8baaef159696915ec42958ed1e05b1bcb68,,,2026-06-11T18:07:18+00:00,
pdf_000147,087_financial_environmental_report.pdf,downloads/087_financial_environmental_report.pdf,downloads,raw_download,financial_environmental_report,1675364,1.598,84c2354893f3e6d78c181f93f7986e317e3804b43f7c4ee55bcae25e5231860c,,,2026-06-11T18:07:18+00:00,
pdf_000148,088_handwritten.pdf,downloads/088_handwritten.pdf,downloads,raw_download,handwritten,117099,0.112,2e4bdb48ff5382d7908a0be327651db7a5e4120a506827a26805a89db2906258,,,2026-06-11T18:07:18+00:00,
pdf_000149,089_financial_environmental_report.pdf,downloads/089_financial_environmental_report.pdf,downloads,raw_download,financial_environmental_report,309464,0.295,25d4510bb5c6f3bbc9b142c459087187f3acc09a5fef4bc7ccc71866387c7438,,,2026-06-11T18:07:18+00:00,
pdf_000150,089_handwritten.pdf,downloads/089_handwritten.pdf,downloads,raw_download,handwritten,1191132,1.136,8134a26b182658676c3e44a4479ad909f033d236407e5e10864d09774363a536,,,2026-06-11T18:07:18+00:00,
pdf_000151,090_handwritten.pdf,downloads/090_handwritten.pdf,downloads,raw_download,handwritten,51736,0.049,563e4cb83c4018016fd564edce653ea9dcf04b30c998b00227a33311868f8ed9,,,2026-06-11T18:07:18+00:00,
pdf_000152,092_financial_environmental_report.pdf,downloads/092_financial_environmental_report.pdf,downloads,raw_download,financial_environmental_report,53140,0.051,2902ddfc679c44b6e4924d191964dde43dd2c6225489bef2a34846138a21775b,,,2026-06-11T18:07:18+00:00,
pdf_000153,092_handwritten.pdf,downloads/092_handwritten.pdf,downloads,raw_download,handwritten,80475,0.077,00d53d6a4e9800131a43a34e7bb02bf979fe0d93992f07eedfafa77dc98b37fd,,,2026-06-11T18:07:18+00:00,
pdf_000154,093_financial_environmental_report.pdf,downloads/093_financial_environmental_report.pdf,downloads,raw_download,financial_environmental_report,53959,0.051,793e96e7617db9abdc69be29cf863aaeda389dde8fed969e5ddbdbcd2d91ea68,,,2026-06-11T18:07:18+00:00,
pdf_000155,093_handwritten.pdf,downloads/093_handwritten.pdf,downloads,raw_download,handwritten,58824,0.056,073fdbb808cbb5c9fe716e4ba94ef9c5b54d2354c82a3e9a00f4ea2cd613305e,,,2026-06-11T18:07:18+00:00,
pdf_000156,094_financial_environmental_report.pdf,downloads/094_financial_environmental_report.pdf,downloads,raw_download,financial_environmental_report,48478,0.046,ceaa97d0af96803fc2a43e7af997fbc5f59a6bbf277a20e949da5cd5d33b3569,,,2026-06-11T18:07:18+00:00,
pdf_000157,095_handwritten.pdf,downloads/095_handwritten.pdf,downloads,raw_download,handwritten,435298,0.415,46345ed243a99be1ba541815b47c44d915396d6a8805b470fc70fcc5f3b1f6b0,,,2026-06-11T18:07:18+00:00,
pdf_000158,096_financial_environmental_report.pdf,downloads/096_financial_environmental_report.pdf,downloads,raw_download,financial_environmental_report,52135,0.050,a5e5bae7ba41956189c4a57a433abdd144ca424a83055bbd4c86374873b7676a,,,2026-06-11T18:07:18+00:00,
pdf_000159,096_handwritten.pdf,downloads/096_handwritten.pdf,downloads,raw_download,handwritten,1424253,1.358,04740e874bc8487802bff2916632f54b3a217e74de29e0afde538a135dbafd35,,,2026-06-11T18:07:18+00:00,
pdf_000160,098_financial_environmental_report.pdf,downloads/098_financial_environmental_report.pdf,downloads,raw_download,financial_environmental_report,65315,0.062,8a88f7ec8b6557a7ea197e508f122fa429219cc20582330ef6d78dc9e877037b,,,2026-06-11T18:07:18+00:00,
pdf_000161,098_handwritten.pdf,downloads/098_handwritten.pdf,downloads,raw_download,handwritten,1598538,1.524,1df3e6d48e67ad67d8f567aa0710b405580602e7343af7707ed3770db216fe44,,,2026-06-11T18:07:18+00:00,
pdf_000162,099_handwritten.pdf,downloads/099_handwritten.pdf,downloads,raw_download,handwritten,4885754,4.659,e61bc351717ad05355b05f5ebe56035f04b29aa489f5c4021d39b8d7ccd05603,,,2026-06-11T18:07:18+00:00,
pdf_000163,101_financial_environmental_report.pdf,downloads/101_financial_environmental_report.pdf,downloads,raw_download,financial_environmental_report,54468,0.052,3f101f5a7e1e7ac473b76385d70f8f798d12ef713a35905864c710e609cffeee,,,2026-06-11T18:07:18+00:00,
pdf_000164,101_handwritten.pdf,downloads/101_handwritten.pdf,downloads,raw_download,handwritten,61588,0.059,0d0c6eeaef549006f0e431aaee8bbb291ce7d372308a5f58028686069b5d11f9,,,2026-06-11T18:07:18+00:00,
pdf_000165,102_financial_environmental_report.pdf,downloads/102_financial_environmental_report.pdf,downloads,raw_download,financial_environmental_report,2300083,2.194,1d74cfdb1a9c8440cbcfe02fd136b1ce9c50173f9d5077fd755986333a813b88,,,2026-06-11T18:07:18+00:00,
pdf_000166,103_handwritten.pdf,downloads/103_handwritten.pdf,downloads,raw_download,handwritten,1308190,1.248,4b0a2d85f551102d0448b4ab8b835a88b9a32d7d1721fa76bbce5f1eba3aeaf7,,,2026-06-11T18:07:18+00:00,
pdf_000167,104_financial_environmental_report.pdf,downloads/104_financial_environmental_report.pdf,downloads,raw_download,financial_environmental_report,1951501,1.861,b67e4f9104e526c7e2a86c93a5bddcd24880b20bd6092df15d539a68109fc147,,,2026-06-11T18:07:18+00:00,
pdf_000168,104_handwritten.pdf,downloads/104_handwritten.pdf,downloads,raw_download,handwritten,5280063,5.035,f5d1a4e495a1de8812c8a6eff283aaef0a5dc4d2855ee151631f7bc71fd73dfd,,,2026-06-11T18:07:18+00:00,
pdf_000169,105_financial_environmental_report.pdf,downloads/105_financial_environmental_report.pdf,downloads,raw_download,financial_environmental_report,17906051,17.077,f22e357a1d3e84a1d99cd6e907738530f5fa0a1f9c504c9418b4ee3259c9fbf2,,,2026-06-11T18:07:18+00:00,
pdf_000170,105_handwritten.pdf,downloads/105_handwritten.pdf,downloads,raw_download,handwritten,3811610,3.635,04edc8a00ea888d07e65c585d3d5050c97de116c4504aa18a12106f3ec593621,,,2026-06-11T18:07:18+00:00,
pdf_000171,106_financial_environmental_report.pdf,downloads/106_financial_environmental_report.pdf,downloads,raw_download,financial_environmental_report,8791226,8.384,59620e68a1a8a2d7a455083c0bed4bdfae5f2fb40d99af490abc9e36bf9b29bc,,,2026-06-11T18:07:18+00:00,
pdf_000172,106_handwritten.pdf,downloads/106_handwritten.pdf,downloads,raw_download,handwritten,4113247,3.923,48b476564c2ee19c5afba796f03ddfe7bcaa284294342c578a0fe31d1ec90e65,,,2026-06-11T18:07:18+00:00,
pdf_000173,107_financial_environmental_report.pdf,downloads/107_financial_environmental_report.pdf,downloads,raw_download,financial_environmental_report,3748534,3.575,3c790bd08d6bd593ba974bf876a4a59a378adc42e7181a9167b9385eb5bcbea6,,,2026-06-11T18:07:18+00:00,
pdf_000174,108_handwritten.pdf,downloads/108_handwritten.pdf,downloads,raw_download,handwritten,7489334,7.142,ab9011493402d15e457a0f77c313a1b01ec85e16d70259d7237c5bb09cfa18c9,,,2026-06-11T18:07:18+00:00,
pdf_000175,109_handwritten.pdf,downloads/109_handwritten.pdf,downloads,raw_download,handwritten,29214272,27.861,27b9f380a620b52c4924ba59572b3fa37e74a1d4728cd9c4a28e2f6ec3284339,,,2026-06-11T18:07:18+00:00,
pdf_000176,110_financial_environmental_report.pdf,downloads/110_financial_environmental_report.pdf,downloads,raw_download,financial_environmental_report,267890,0.255,a8d34492e6f9bf14596aeee52ae823dd17bdd7a7482ff15073c73e7f9a1f5931,,,2026-06-11T18:07:18+00:00,
pdf_000177,110_handwritten.pdf,downloads/110_handwritten.pdf,downloads,raw_download,handwritten,37325572,35.596,416e9902b35c2df29d0bacade41900719b1b6e44c1e85eddf4134464a230cb7a,,,2026-06-11T18:07:18+00:00,
pdf_000178,111_financial_environmental_report.pdf,downloads/111_financial_environmental_report.pdf,downloads,raw_download,financial_environmental_report,366539,0.350,1a3e784fd8ccc0518216831d403fb9b1c7b9b93da940ecb95b291b23315d8ade,,,2026-06-11T18:07:18+00:00,
pdf_000179,113_financial_environmental_report.pdf,downloads/113_financial_environmental_report.pdf,downloads,raw_download,financial_environmental_report,47448,0.045,afbdb5c9b3d156882b0336e59a5f2f4a32ec97adfb2d519bf084640d604d9fc7,,,2026-06-11T18:07:18+00:00,
pdf_000180,113_handwritten.pdf,downloads/113_handwritten.pdf,downloads,raw_download,handwritten,8793292,8.386,f0fe9744742ae2d69a4f5eb0a16c4559cb160e30ca12a670e455e5e83e2403dc,,,2026-06-11T18:07:18+00:00,
pdf_000181,114_handwritten.pdf,downloads/114_handwritten.pdf,downloads,raw_download,handwritten,2290091,2.184,f13a107c37320415393c06e31af450eb3dc3f4f8600638447f211eca7b00fee2,,,2026-06-11T18:07:18+00:00,
pdf_000182,115_handwritten.pdf,downloads/115_handwritten.pdf,downloads,raw_download,handwritten,2294770,2.188,d5db530145a9754b59a75ed48f54b5607100440c0674b070ee2a0272790792ba,,,2026-06-11T18:07:18+00:00,
pdf_000183,116_financial_environmental_report.pdf,downloads/116_financial_environmental_report.pdf,downloads,raw_download,financial_environmental_report,2427153,2.315,d7f60e8f5f661bb3bed64dcb7ebfd1dede17c0434200bc0cbaa993704e0b859e,,,2026-06-11T18:07:18+00:00,
pdf_000184,116_handwritten.pdf,downloads/116_handwritten.pdf,downloads,raw_download,handwritten,1122076,1.070,5c0b1244aa2beecb2a0b0b310a4b9dd36843268b1c8519abad9debfa0498248f,,,2026-06-11T18:07:18+00:00,
pdf_000185,117_financial_environmental_report.pdf,downloads/117_financial_environmental_report.pdf,downloads,raw_download,financial_environmental_report,51064,0.049,5b5ef58d6d768d6ad295042ea04afa3708ee2c596db91b99e44c951e00e869a4,,,2026-06-11T18:07:18+00:00,
pdf_000186,117_handwritten.pdf,downloads/117_handwritten.pdf,downloads,raw_download,handwritten,415275,0.396,31c07171ae1e1e79537ab7babc6e5e96cc24ad8627ac47435abac3a1b701e59a,,,2026-06-11T18:07:18+00:00,
pdf_000187,118_handwritten.pdf,downloads/118_handwritten.pdf,downloads,raw_download,handwritten,85577,0.082,b5a8a6ba2b1590ab06289e734cb281d1d4ec71da3d40ee097919e4558d902e57,,,2026-06-11T18:07:18+00:00,
pdf_000188,119_handwritten.pdf,downloads/119_handwritten.pdf,downloads,raw_download,handwritten,6109056,5.826,cb551c7f92480cb5fcc34827b038996b1bb6c3bb0afd9005a002f238cc4aa030,,,2026-06-11T18:07:18+00:00,
pdf_000189,121_handwritten.pdf,downloads/121_handwritten.pdf,downloads,raw_download,handwritten,489822,0.467,d399e05b1c0feb97c0677f5f7342b71b73ca2162f359f9bb759fd2c9d4d8aa84,,,2026-06-11T18:07:18+00:00,
pdf_000190,122_handwritten.pdf,downloads/122_handwritten.pdf,downloads,raw_download,handwritten,6133245,5.849,f22e2a8a529f0e7613982a2ccb7fbb50469492f72fe8d0fe2c7eadae73337eeb,,,2026-06-11T18:07:18+00:00,
pdf_000191,123_handwritten.pdf,downloads/123_handwritten.pdf,downloads,raw_download,handwritten,9316669,8.885,48d6c414f1a00b58f37f1bf83f9cbf45d356f286e96b15db9413c446b5626f6e,,,2026-06-11T18:07:18+00:00,
pdf_000192,124_handwritten.pdf,downloads/124_handwritten.pdf,downloads,raw_download,handwritten,2071209,1.975,3b585252af4a458dd450328adcc5b4724c3deeb42a7bd6f3b7d598a2d4cc9662,,,2026-06-11T18:07:18+00:00,
pdf_000193,125_financial_environmental_report.pdf,downloads/125_financial_environmental_report.pdf,downloads,raw_download,financial_environmental_report,79718,0.076,c51063a45f127a103f0fd471a079e70390a3030e7092cfab7029a6a5a12d170d,,,2026-06-11T18:07:18+00:00,
pdf_000194,126_financial_environmental_report.pdf,downloads/126_financial_environmental_report.pdf,downloads,raw_download,financial_environmental_report,1468756,1.401,cc5a7da28610b660bc1823b551f170000b4b1029b7e39c6c4b57ae31b9edfe47,,,2026-06-11T18:07:18+00:00,
pdf_000195,126_handwritten.pdf,downloads/126_handwritten.pdf,downloads,raw_download,handwritten,3805286,3.629,2bd81aa77e1e17ae5e126c18331015259e02b0a824fd3335ba0bc6b0c9947917,,,2026-06-11T18:07:18+00:00,
pdf_000196,127_handwritten.pdf,downloads/127_handwritten.pdf,downloads,raw_download,handwritten,614872,0.586,0caf9b336471b22e9cb215b1fb643543fc2ff1e68d1a73008ac9f3fe163d6bcc,,,2026-06-11T18:07:18+00:00,
pdf_000197,128_financial_environmental_report.pdf,downloads/128_financial_environmental_report.pdf,downloads,raw_download,financial_environmental_report,223788,0.213,797dfbf1df026579c74d01afd3318c394c97b8e93d678dd5f30f7da693840b65,,,2026-06-11T18:07:18+00:00,
pdf_000198,128_handwritten.pdf,downloads/128_handwritten.pdf,downloads,raw_download,handwritten,232755,0.222,4f2d7c17fa2ce5e459f2f855643310e06dcbe38e7968ace5cf319bb2ea1f4ee4,,,2026-06-11T18:07:18+00:00,
pdf_000199,129_editable_docs.pdf,downloads/129_editable_docs.pdf,downloads,raw_download,editable_docs,210312,0.201,fd0e355d98069ce611694a67f5068dd730df4c369c9b74938d03c864e6056046,,,2026-06-11T18:07:18+00:00,
pdf_000200,129_financial_environmental_report.pdf,downloads/129_financial_environmental_report.pdf,downloads,raw_download,financial_environmental_report,2173870,2.073,c1c4e1b2b2ca6677e19a86d5a65d36c8b7370f03428e7def359d9780ba197a5a,,,2026-06-11T18:07:18+00:00,
pdf_000201,130_financial_environmental_report.pdf,downloads/130_financial_environmental_report.pdf,downloads,raw_download,financial_environmental_report,196705,0.188,0191f8b2bf6b238b759331e26023270d4ae4e565e61b92b7d20d7b10cd464677,,,2026-06-11T18:07:18+00:00,
pdf_000202,131_editable_docs.pdf,downloads/131_editable_docs.pdf,downloads,raw_download,editable_docs,6137761,5.853,d3c3e4003206f8567c04d678c43573cac72dea148db91bdf6873b461d1ad9794,,,2026-06-11T18:07:18+00:00,
pdf_000203,131_financial_environmental_report.pdf,downloads/131_financial_environmental_report.pdf,downloads,raw_download,financial_environmental_report,98928,0.094,ff90baa711f62a17c416b443a4897e0744f970535926859553e6195fa715da8c,,,2026-06-11T18:07:18+00:00,
pdf_000204,132_editable_docs.pdf,downloads/132_editable_docs.pdf,downloads,raw_download,editable_docs,52553,0.050,6b0c84c586b1ec518ae4962355aa1c8845ce186bacd925cf2352be68458edd36,,,2026-06-11T18:07:18+00:00,
pdf_000205,133_editable_docs.pdf,downloads/133_editable_docs.pdf,downloads,raw_download,editable_docs,1991579,1.899,8c596cc64778c55438168afe0f69495cb8bc41e8b4d5df21d659b400be0d79a2,,,2026-06-11T18:07:18+00:00,
pdf_000206,133_financial_environmental_report.pdf,downloads/133_financial_environmental_report.pdf,downloads,raw_download,financial_environmental_report,925003,0.882,539071032cd8c04406832e93b59910dca99a573d34ae18d54a3206019da1e5b0,,,2026-06-11T18:07:18+00:00,
pdf_000207,134_financial_environmental_report.pdf,downloads/134_financial_environmental_report.pdf,downloads,raw_download,financial_environmental_report,2826010,2.695,7003fd966981e1b13d082a4b708a600be8b0e260e865e458d436e64f6f8d8c8f,,,2026-06-11T18:07:18+00:00,
pdf_000208,135_financial_environmental_report.pdf,downloads/135_financial_environmental_report.pdf,downloads,raw_download,financial_environmental_report,204848,0.195,21ab7473e29f334d978d88d62df65c3690e2080b9a1710e0c3bd4743c2731eda,,,2026-06-11T18:07:18+00:00,
pdf_000209,136_financial_environmental_report.pdf,downloads/136_financial_environmental_report.pdf,downloads,raw_download,financial_environmental_report,1291931,1.232,cfbb4851a0a2f1fa3607bd573ceba59efa679b315c0ba4d9287f44c249f8b881,,,2026-06-11T18:07:18+00:00,
pdf_000210,137_financial_environmental_report.pdf,downloads/137_financial_environmental_report.pdf,downloads,raw_download,financial_environmental_report,1004315,0.958,0e4f2861db5bcd5431bd4a91c8ea7d80ec3552ec00e4b9e5c01625e7fa5e1f2d,,,2026-06-11T18:07:18+00:00,
pdf_000211,138_financial_environmental_report.pdf,downloads/138_financial_environmental_report.pdf,downloads,raw_download,financial_environmental_report,6692204,6.382,61f96c34fe8799f24f52e95ed3770608e58d993d45e68d0e027b1b3844842790,,,2026-06-11T18:07:18+00:00,
pdf_000212,139_financial_environmental_report.pdf,downloads/139_financial_environmental_report.pdf,downloads,raw_download,financial_environmental_report,9368950,8.935,2690426d0aa66fbad9b6737d7d0f777cc7f109aaa0c3bfa8908f964f9979d986,,,2026-06-11T18:07:18+00:00,
pdf_000213,140_financial_environmental_report.pdf,downloads/140_financial_environmental_report.pdf,downloads,raw_download,financial_environmental_report,3049398,2.908,360f9e73716e35f259113512a7715d73f7de49de6abd549fae58b234e9b12649,,,2026-06-11T18:07:18+00:00,
pdf_000214,141_financial_environmental_report.pdf,downloads/141_financial_environmental_report.pdf,downloads,raw_download,financial_environmental_report,2840470,2.709,b1807f0d41a7a5c4948b26dc8caa3b7e24642113b1157ef8b9a0dd070ffbb31c,,,2026-06-11T18:07:18+00:00,
pdf_000215,142_financial_environmental_report.pdf,downloads/142_financial_environmental_report.pdf,downloads,raw_download,financial_environmental_report,5696961,5.433,18149853f15f730493dc5ba802f8b3ece70653b41551bdd4d475505e0b2b6619,,,2026-06-11T18:07:18+00:00,
pdf_000216,143_financial_environmental_report.pdf,downloads/143_financial_environmental_report.pdf,downloads,raw_download,financial_environmental_report,2338438,2.230,8684eae0a0a19151d517f359c4ff82da33b72eae1b393f1e8f172c12e192dfe1,,,2026-06-11T18:07:18+00:00,
pdf_000217,144_financial_environmental_report.pdf,downloads/144_financial_environmental_report.pdf,downloads,raw_download,financial_environmental_report,3474931,3.314,8e9f8aa5de8b254c1b780e1efb3baa1160cd64d60e79663ec814132bd868ea6c,,,2026-06-11T18:07:18+00:00,
pdf_000218,145_financial_environmental_report.pdf,downloads/145_financial_environmental_report.pdf,downloads,raw_download,financial_environmental_report,824169,0.786,706ef9af85d7d6d12ac440e502d194f914439862fcdb3b0023661885d5f5dd14,,,2026-06-11T18:07:18+00:00,
pdf_000219,146_financial_environmental_report.pdf,downloads/146_financial_environmental_report.pdf,downloads,raw_download,financial_environmental_report,581481,0.555,fdca51f09c5cd0d0a6574c9a512797817daf49948cae3962506f9c156061740d,,,2026-06-11T18:07:18+00:00,
pdf_000220,148_financial_environmental_report.pdf,downloads/148_financial_environmental_report.pdf,downloads,raw_download,financial_environmental_report,960093,0.916,aca2268e2a9158f6e83a8bd7fc13f7f29c6026be9c247ff478869e5229034ace,,,2026-06-11T18:07:18+00:00,
pdf_000221,148_receipt.pdf,downloads/148_receipt.pdf,downloads,raw_download,receipt,129754,0.124,10dae4851fdfe0364df10da0cab6d6973590ade97a489b82532a333ddb327eec,,,2026-06-11T18:07:18+00:00,
pdf_000222,149_financial_environmental_report.pdf,downloads/149_financial_environmental_report.pdf,downloads,raw_download,financial_environmental_report,22879,0.022,6dd3d85ec90a0e768661f9ebdfa402a4f6549a7f8ce9a9aa24cc8c4d677dd808,,,2026-06-11T18:07:18+00:00,
pdf_000223,149_receipt.pdf,downloads/149_receipt.pdf,downloads,raw_download,receipt,235778,0.225,3bfbd42f2559ce804aea2bc5331d971910e81e65f0c1b2549a4a9b97ef50c0e8,,,2026-06-11T18:07:18+00:00,
pdf_000224,150_financial_environmental_report.pdf,downloads/150_financial_environmental_report.pdf,downloads,raw_download,financial_environmental_report,4631475,4.417,c713dcea3abbec6390a15fd711a9222d7fea4842c7dda81655c4a5bc4feaaa0b,,,2026-06-11T18:07:18+00:00,
pdf_000225,150_receipt.pdf,downloads/150_receipt.pdf,downloads,raw_download,receipt,120682,0.115,e8486551067a3d452c6dc38b7f102b353671b2a8bb4fa5bf87b01bc8ce58b434,,,2026-06-11T18:07:18+00:00,
pdf_000226,151_financial_environmental_report.pdf,downloads/151_financial_environmental_report.pdf,downloads,raw_download,financial_environmental_report,995837,0.950,779c5eea6323f7ee099a398476752ef63db7b2c569851316ecc2fd9387f12519,,,2026-06-11T18:07:18+00:00,
pdf_000227,151_receipt.pdf,downloads/151_receipt.pdf,downloads,raw_download,receipt,366505,0.350,493a34d340d87e3124194a7c1527c2c3214b4acf01fd7a8a6b01d74671308aa5,,,2026-06-11T18:07:18+00:00,
pdf_000228,152_financial_environmental_report.pdf,downloads/152_financial_environmental_report.pdf,downloads,raw_download,financial_environmental_report,2798823,2.669,da20c5f4a1f4b8392815c4e886a0132f3817199e004b767b4887c1b1d4789d16,,,2026-06-11T18:07:18+00:00,
pdf_000229,153_financial_environmental_report.pdf,downloads/153_financial_environmental_report.pdf,downloads,raw_download,financial_environmental_report,24497,0.023,6edc49090f678068de01ec57fffd89a11dc9f60d446f9aeccfed780bd18a1b71,,,2026-06-11T18:07:18+00:00,
pdf_000230,155_financial_environmental_report.pdf,downloads/155_financial_environmental_report.pdf,downloads,raw_download,financial_environmental_report,570841,0.544,be07a5413ba34ba23f4265075145c5f1cddbbaa4aff59d041ec3782dfc42922f,,,2026-06-11T18:07:18+00:00,
pdf_000231,155_receipt.pdf,downloads/155_receipt.pdf,downloads,raw_download,receipt,120437,0.115,d256744b47c90ed43c9556a9031ccc71670ef3ae7a731b73fdf1d8b470d9b3fb,,,2026-06-11T18:07:18+00:00,
pdf_000232,156_financial_environmental_report.pdf,downloads/156_financial_environmental_report.pdf,downloads,raw_download,financial_environmental_report,388155,0.370,3e416f7060487da08aadf4a38e30ea9cb053cec187ec65a5151fd76bcc72992a,,,2026-06-11T18:07:18+00:00,
pdf_000233,156_receipt.pdf,downloads/156_receipt.pdf,downloads,raw_download,receipt,136511,0.130,ea2876e8bb44ac1cc6441de43dea425fb09cd6de87f64e305dbeedc03725210e,,,2026-06-11T18:07:18+00:00,
pdf_000234,157_financial_environmental_report.pdf,downloads/157_financial_environmental_report.pdf,downloads,raw_download,financial_environmental_report,174180,0.166,b5cdcda2731c83864016e39c4a087d0c71cafb572cbe6567839692e13ded73a7,,,2026-06-11T18:07:18+00:00,
pdf_000235,157_receipt.pdf,downloads/157_receipt.pdf,downloads,raw_download,receipt,4741635,4.522,49f3e8303c5ff59456e4771f74deafcbe37d3361a6fefa0fe59a4ab6f3fcd8d6,,,2026-06-11T18:07:18+00:00,
pdf_000236,158_financial_environmental_report.pdf,downloads/158_financial_environmental_report.pdf,downloads,raw_download,financial_environmental_report,61997,0.059,4fe45585ba34fd775789c612d0108f34a9c6b84134f146057a29fded16d2abd2,,,2026-06-11T18:07:18+00:00,
pdf_000237,160_receipt.pdf,downloads/160_receipt.pdf,downloads,raw_download,receipt,2459338,2.345,abcf0b97c40d6ab2bff0fd0a75b8790da4546682c177c88cec34309a340e32f8,,,2026-06-11T18:07:18+00:00,
pdf_000238,164_receipt.pdf,downloads/164_receipt.pdf,downloads,raw_download,receipt,590803,0.563,4956221075914cc35ac318b74d07980d577f6334cad3e71f165419524cf302ea,,,2026-06-11T18:07:18+00:00,
pdf_000239,167_receipt.pdf,downloads/167_receipt.pdf,downloads,raw_download,receipt,273597,0.261,b3f6e8984d26bfc864be45decf5477c8f5af5cc4b71583830117aca7f4b7fed9,,,2026-06-11T18:07:18+00:00,
pdf_000240,168_receipt.pdf,downloads/168_receipt.pdf,downloads,raw_download,receipt,1136032,1.083,2f5a9a180ab269dbf0d2c3f9adc11f027a32737ee1a899a189114193f0226402,,,2026-06-11T18:07:18+00:00,
pdf_000241,169_receipt.pdf,downloads/169_receipt.pdf,downloads,raw_download,receipt,230283,0.220,3d4ba75d3037739cefac2292c61e49702d2872baf2c87fb6125fb14ab54e241e,,,2026-06-11T18:07:18+00:00,
pdf_000242,170_receipt.pdf,downloads/170_receipt.pdf,downloads,raw_download,receipt,414553,0.395,69075542da1ad983fb5d7b32deec45d1d02ea11212b24284f8dfbd42602cc74e,,,2026-06-11T18:07:18+00:00,
pdf_000243,171_receipt.pdf,downloads/171_receipt.pdf,downloads,raw_download,receipt,36402,0.035,b1ffc2ad0b6c9f697ab832157e738c7e1a43586e1bfbba654ef6e0c09b4c7076,,,2026-06-11T18:07:18+00:00,
pdf_000244,172_receipt.pdf,downloads/172_receipt.pdf,downloads,raw_download,receipt,439404,0.419,a100b741cedd6e4a38d4b441e62ac1c606a94d8710e9b53137d632c32013035a,,,2026-06-11T18:07:18+00:00,
pdf_000245,175_receipt.pdf,downloads/175_receipt.pdf,downloads,raw_download,receipt,231942,0.221,391cd7db769ef367f715dce3c7777b7a153ddbf0ed6b74d3164188ace7416230,,,2026-06-11T18:07:18+00:00,
pdf_000246,177_certificate_of_analysis.pdf,downloads/177_certificate_of_analysis.pdf,downloads,raw_download,certificate_of_analysis,195591,0.187,5b536975f99751c331a892d2a1f4536dbde6e776a76f1e4ca77a1320de933087,,,2026-06-11T18:07:18+00:00,
pdf_000247,177_receipt.pdf,downloads/177_receipt.pdf,downloads,raw_download,receipt,121427,0.116,7d2870c3fc63d28f2610211a7d74e893a66e3dee972bfc32b1be5912e0f2f3d2,,,2026-06-11T18:07:18+00:00,
pdf_000248,178_certificate_of_analysis.pdf,downloads/178_certificate_of_analysis.pdf,downloads,raw_download,certificate_of_analysis,388860,0.371,0b66c0f871378b62e88d88a1aa671f3df9402cbd0b77b31dd766f4ca46c653f7,,,2026-06-11T18:07:18+00:00,
pdf_000249,178_receipt.pdf,downloads/178_receipt.pdf,downloads,raw_download,receipt,169606,0.162,841a57278691e7ed50188c4c7c34b8ae30bacb63d11c39cf1a4c2c24f6f62327,,,2026-06-11T18:07:18+00:00,
pdf_000250,179_certificate_of_analysis.pdf,downloads/179_certificate_of_analysis.pdf,downloads,raw_download,certificate_of_analysis,433723,0.414,a9873a8c1274fd187a5382593a802511cdb18060f2b13419653fcaa1a830f333,,,2026-06-11T18:07:18+00:00,
pdf_000251,179_receipt.pdf,downloads/179_receipt.pdf,downloads,raw_download,receipt,320961,0.306,80c5d3af12f9643e78f9d1af31c0782227365b7ade680e81670d8237107c1e06,,,2026-06-11T18:07:18+00:00,
pdf_000252,180_certificate_of_analysis.pdf,downloads/180_certificate_of_analysis.pdf,downloads,raw_download,certificate_of_analysis,766257,0.731,972b07d4615bdcf271563f80c1557da09774116fbcacc5d9fba2c374cdea38d1,,,2026-06-11T18:07:18+00:00,
pdf_000253,180_receipt.pdf,downloads/180_receipt.pdf,downloads,raw_download,receipt,100712,0.096,fb3c8dccd25aaa0e99649eaf0fe34444d05316eb3147d6294067223901de9686,,,2026-06-11T18:07:18+00:00,
pdf_000254,181_certificate_of_analysis.pdf,downloads/181_certificate_of_analysis.pdf,downloads,raw_download,certificate_of_analysis,472020,0.450,f9b011a383656c9ed96b972da402136768019f283e553ca24130aa95babfa0bd,,,2026-06-11T18:07:18+00:00,
pdf_000255,182_certificate_of_analysis.pdf,downloads/182_certificate_of_analysis.pdf,downloads,raw_download,certificate_of_analysis,236364,0.225,1b63b9cb3ac11bcc59e463ec6315b02f89f04bccea84baf4ecfb0cf8f7fbb9ae,,,2026-06-11T18:07:18+00:00,
pdf_000256,182_receipt.pdf,downloads/182_receipt.pdf,downloads,raw_download,receipt,168872,0.161,60462abc1669a634d1f116a56f471c0abdba7b3b0d8373aef535cb0c812d13c2,,,2026-06-11T18:07:18+00:00,
pdf_000257,183_certificate_of_analysis.pdf,downloads/183_certificate_of_analysis.pdf,downloads,raw_download,certificate_of_analysis,445804,0.425,fb9ad35b699a782fb2a71ea7288f3307934eb8cab36e5cda424dba6ce187cc9a,,,2026-06-11T18:07:18+00:00,
pdf_000258,183_receipt.pdf,downloads/183_receipt.pdf,downloads,raw_download,receipt,266656,0.254,04e846621732011fdf33384f3702d4dde948b149d319477edde7660c2b942489,,,2026-06-11T18:07:18+00:00,
pdf_000259,184_certificate_of_analysis.pdf,downloads/184_certificate_of_analysis.pdf,downloads,raw_download,certificate_of_analysis,219181,0.209,28f96a045c1d3293b465360619834235b2f83c2a96fa932edd77b0b226b47d0a,,,2026-06-11T18:07:18+00:00,
pdf_000260,184_receipt.pdf,downloads/184_receipt.pdf,downloads,raw_download,receipt,285784,0.273,7ff12b3533efe8bca2f2e82e7b9120124b0c42b68b110321b54c174f0ece53e1,,,2026-06-11T18:07:18+00:00,
pdf_000261,185_certificate_of_analysis.pdf,downloads/185_certificate_of_analysis.pdf,downloads,raw_download,certificate_of_analysis,518262,0.494,10c832b68c9b2c53f11c3d3786faa97503f82a602fbc44a1625f3ee8c17fac2f,,,2026-06-11T18:07:18+00:00,
pdf_000262,186_certificate_of_analysis.pdf,downloads/186_certificate_of_analysis.pdf,downloads,raw_download,certificate_of_analysis,392588,0.374,ac2403a163f86c5d84233a489040ab8db0e0dcd1f5d3ce26badbfabffd6fb34f,,,2026-06-11T18:07:18+00:00,
pdf_000263,186_receipt.pdf,downloads/186_receipt.pdf,downloads,raw_download,receipt,267472,0.255,32e2f520a06c310fb7b01a1d260a644b0ce43771a0495a10067946b8b58f7685,,,2026-06-11T18:07:18+00:00,
pdf_000264,187_certificate_of_analysis.pdf,downloads/187_certificate_of_analysis.pdf,downloads,raw_download,certificate_of_analysis,332325,0.317,389512172b17c330b96a34689ac9cac8ff96e0a00dfe40fc4f39ab1cb3903490,,,2026-06-11T18:07:18+00:00,
pdf_000265,187_receipt.pdf,downloads/187_receipt.pdf,downloads,raw_download,receipt,780298,0.744,9e24531853ce26c57f47aedc1d9723c0b4570627fb5f5efd7a1562f87480708f,,,2026-06-11T18:07:18+00:00,
pdf_000266,188_certificate_of_analysis.pdf,downloads/188_certificate_of_analysis.pdf,downloads,raw_download,certificate_of_analysis,228650,0.218,a224b63b8f4ca9ddfae1477c2fd90d6cac7b2df7d13cd07ef7fc48ce91c14f05,,,2026-06-11T18:07:18+00:00,
pdf_000267,189_certificate_of_analysis.pdf,downloads/189_certificate_of_analysis.pdf,downloads,raw_download,certificate_of_analysis,235228,0.224,320464958f37f4ccfd52b41e71a71892f181ab89de6e22b5bce531373d6f750a,,,2026-06-11T18:07:18+00:00,
pdf_000268,190_certificate_of_analysis.pdf,downloads/190_certificate_of_analysis.pdf,downloads,raw_download,certificate_of_analysis,541943,0.517,fb7758d61ef9d5aac46db72b6c2d65560dc1d15195d5cbbb976e90c73ae7d5f7,,,2026-06-11T18:07:18+00:00,
pdf_000269,192_receipt.pdf,downloads/192_receipt.pdf,downloads,raw_download,receipt,558622,0.533,efb0374aa801b876e8875eea578334d7c6916bfd367ca0f74ef10bee3e757715,,,2026-06-11T18:07:18+00:00,
pdf_000270,193_certificate_of_analysis.pdf,downloads/193_certificate_of_analysis.pdf,downloads,raw_download,certificate_of_analysis,1667433,1.590,58db54ffd407e0918db592613fde86c7ff23580bce45b8a958fc09f67c26c19a,,,2026-06-11T18:07:18+00:00,
pdf_000271,194_receipt.pdf,downloads/194_receipt.pdf,downloads,raw_download,receipt,138010,0.132,d3a0c4c2a7eec4cb5f3f1b8f8543f12524dba4d3f6103792b927b6caa2cf4f7e,,,2026-06-11T18:07:18+00:00,
pdf_000272,196_certificate_of_analysis.pdf,downloads/196_certificate_of_analysis.pdf,downloads,raw_download,certificate_of_analysis,360379,0.344,6845e1f770b1937a1e1fc54cee5c7e5debf021422d5a8ebaa870514a94a2a065,,,2026-06-11T18:07:18+00:00,
pdf_000273,202_certificate_of_analysis.pdf,downloads/202_certificate_of_analysis.pdf,downloads,raw_download,certificate_of_analysis,430951,0.411,024ded078fbc4968ee5b8e397b0b66667c9bc848dc83fbb34631a9cedd45aabe,,,2026-06-11T18:07:18+00:00,
pdf_000274,203_certificate_of_analysis.pdf,downloads/203_certificate_of_analysis.pdf,downloads,raw_download,certificate_of_analysis,963102,0.918,aa22e492bc735c4bc09632697f98b7b219558129fc7cbf76b3407a9abb1c859c,,,2026-06-11T18:07:18+00:00,
pdf_000275,204_certificate_of_analysis.pdf,downloads/204_certificate_of_analysis.pdf,downloads,raw_download,certificate_of_analysis,1208828,1.153,455ef19dcf4d3777efe5307105d19c7925236b78e70366f316a50fe8c60a5d76,,,2026-06-11T18:07:18+00:00,
pdf_000276,205_certificate_of_analysis.pdf,downloads/205_certificate_of_analysis.pdf,downloads,raw_download,certificate_of_analysis,633683,0.604,a352c04e1b78b2514b53d3808046cdbe91608f442338648fa3573205fcae8047,,,2026-06-11T18:07:18+00:00,
pdf_000277,206_certificate_of_analysis.pdf,downloads/206_certificate_of_analysis.pdf,downloads,raw_download,certificate_of_analysis,718243,0.685,35df0ef9c4f209422d8ac9d9de733302085ca49595b0899080cbde661c75a875,,,2026-06-11T18:07:18+00:00,
pdf_000278,207_certificate_of_analysis.pdf,downloads/207_certificate_of_analysis.pdf,downloads,raw_download,certificate_of_analysis,431334,0.411,458bd2260f263634b64379742abdd620b5a01b21a1387dc342d9c104df6e587e,,,2026-06-11T18:07:18+00:00,
pdf_000279,209_certificate_of_analysis.pdf,downloads/209_certificate_of_analysis.pdf,downloads,raw_download,certificate_of_analysis,5833656,5.563,bca7dfd4c8a0bab7a80cd25493afe0dc0d696897d2b40441929e0199a725b2db,,,2026-06-11T18:07:18+00:00,
pdf_000280,210_certificate_of_analysis.pdf,downloads/210_certificate_of_analysis.pdf,downloads,raw_download,certificate_of_analysis,504022,0.481,a6e7ee7732f5ecae1357c51edac49da7a8a8180373a037d1841db77b5f9900bb,,,2026-06-11T18:07:18+00:00,
pdf_000281,211_certificate_of_analysis.pdf,downloads/211_certificate_of_analysis.pdf,downloads,raw_download,certificate_of_analysis,1147654,1.094,83d346d2c02cad33e234d698261296a1040e1f046ca33f0cbec0e288cfa916dc,,,2026-06-11T18:07:18+00:00,
pdf_000282,212_certificate_of_analysis.pdf,downloads/212_certificate_of_analysis.pdf,downloads,raw_download,certificate_of_analysis,471897,0.450,8e124181035bf6d67a657421e071fa9790742995762bdeb6f739270edce7367b,,,2026-06-11T18:07:18+00:00,
pdf_000283,212_hospital_claim.pdf,downloads/212_hospital_claim.pdf,downloads,raw_download,hospital_claim,368728,0.352,731af24c385d2d24e8b520f8b2baa06fdcbf3a1cfb13daa5dd82ca303855bf00,,,2026-06-11T18:07:18+00:00,
pdf_000284,213_certificate_of_analysis.pdf,downloads/213_certificate_of_analysis.pdf,downloads,raw_download,certificate_of_analysis,567136,0.541,6f82200108a5ed1b1bbb47888b086757d7757b1d5c97389b3a46c0d221cf7475,,,2026-06-11T18:07:18+00:00,
pdf_000285,213_hospital_claim.pdf,downloads/213_hospital_claim.pdf,downloads,raw_download,hospital_claim,556995,0.531,fce63e7e0cf46baba4195c79ea7e916a65772886f2c2a1b61aff76e6827cee0b,,,2026-06-11T18:07:18+00:00,
pdf_000286,214_certificate_of_analysis.pdf,downloads/214_certificate_of_analysis.pdf,downloads,raw_download,certificate_of_analysis,391474,0.373,16b83c89c02be39746ff89b3f439d22e62dce7f501dee02208d712d2076fbf62,,,2026-06-11T18:07:18+00:00,
pdf_000287,214_hospital_claim.pdf,downloads/214_hospital_claim.pdf,downloads,raw_download,hospital_claim,460124,0.439,5d87fc698e8f8c801f0951339f0ff161873580e757a3152af4cfd61c4b505667,,,2026-06-11T18:07:18+00:00,
pdf_000288,215_certificate_of_analysis.pdf,downloads/215_certificate_of_analysis.pdf,downloads,raw_download,certificate_of_analysis,1348215,1.286,584926d2a3a2624bda5daa14586b2bfeac94ddb4d45b073931bc931d83b90bb0,,,2026-06-11T18:07:18+00:00,
pdf_000289,215_hospital_claim.pdf,downloads/215_hospital_claim.pdf,downloads,raw_download,hospital_claim,104007,0.099,05e1633d377b50eefef973a5ca324572d6dd7a78eb9c7bbaa9c31b9fc486d3cc,,,2026-06-11T18:07:18+00:00,
pdf_000290,216_certificate_of_analysis.pdf,downloads/216_certificate_of_analysis.pdf,downloads,raw_download,certificate_of_analysis,449828,0.429,ad377c097767f7841136aebf8a647b3cb0d311bcc26bda2d1e898ad1ee243b67,,,2026-06-11T18:07:18+00:00,
pdf_000291,216_hospital_claim.pdf,downloads/216_hospital_claim.pdf,downloads,raw_download,hospital_claim,165704,0.158,60b82756aff49400ef655e7dc8e98f144619ab1449d2b2eeb31080af72118ad3,,,2026-06-11T18:07:18+00:00,
pdf_000292,217_certificate_of_analysis.pdf,downloads/217_certificate_of_analysis.pdf,downloads,raw_download,certificate_of_analysis,337831,0.322,b45d531c992fecb721fdaa29c598d3e6e602dbfc73b9a739b950c70e6a2d1f84,,,2026-06-11T18:07:18+00:00,
pdf_000293,217_hospital_claim.pdf,downloads/217_hospital_claim.pdf,downloads,raw_download,hospital_claim,420717,0.401,2469d4d6a1f8943c1a657d3ac0555e662c4dc989a997cde206b197faece922ef,,,2026-06-11T18:07:18+00:00,
pdf_000294,218_certificate_of_analysis.pdf,downloads/218_certificate_of_analysis.pdf,downloads,raw_download,certificate_of_analysis,1221231,1.165,2e84e227059a6a7140ef37eeba8ff6ca8e422c52557a16cafc5b9778af81a08f,,,2026-06-11T18:07:18+00:00,
pdf_000295,218_hospital_claim.pdf,downloads/218_hospital_claim.pdf,downloads,raw_download,hospital_claim,104140,0.099,a59c2371a4448d94fe3963e5876820a76cab485b2ccd28db8aa20e69dac415a6,,,2026-06-11T18:07:18+00:00,
pdf_000296,219_certificate_of_analysis.pdf,downloads/219_certificate_of_analysis.pdf,downloads,raw_download,certificate_of_analysis,2729966,2.603,244d0d91b61f57ac317e761ec99b0684e9a53115720398ca37e7029c270e3e87,,,2026-06-11T18:07:18+00:00,
pdf_000297,219_hospital_claim.pdf,downloads/219_hospital_claim.pdf,downloads,raw_download,hospital_claim,1020282,0.973,32988cf8fd2547c8e96784e55fec0650d5d208ddb013b39dfb142b2d6b3cfc72,,,2026-06-11T18:07:18+00:00,
pdf_000298,220_certificate_of_analysis.pdf,downloads/220_certificate_of_analysis.pdf,downloads,raw_download,certificate_of_analysis,121036,0.115,3357dcaa033bc13b3608d844c8768d07ecf58538c9dab4eaea9cf2270dc80c65,,,2026-06-11T18:07:18+00:00,
pdf_000299,220_hospital_claim.pdf,downloads/220_hospital_claim.pdf,downloads,raw_download,hospital_claim,220391,0.210,763239040a36a9197e64c50637a99cd3e0876671ed9ec46393218d219700dfaa,,,2026-06-11T18:07:18+00:00,
pdf_000300,221_certificate_of_analysis.pdf,downloads/221_certificate_of_analysis.pdf,downloads,raw_download,certificate_of_analysis,1300321,1.240,1b352ac7174d3172a3cd4dd1af7e656d769236f2ba54be75b9d91bd8f434bb8f,,,2026-06-11T18:07:18+00:00,
pdf_000301,221_hospital_claim.pdf,downloads/221_hospital_claim.pdf,downloads,raw_download,hospital_claim,1065029,1.016,c09591a1324be35d9c2ecfb78657e491913392bd4158f4bc781d276820d5dbe9,,,2026-06-11T18:07:18+00:00,
pdf_000302,222_certificate_of_analysis.pdf,downloads/222_certificate_of_analysis.pdf,downloads,raw_download,certificate_of_analysis,1674376,1.597,732608f8e7f6a45be2bc94e9fd6f6c180dc2ef71cc44f889c2e116e4b4b1137d,,,2026-06-11T18:07:18+00:00,
pdf_000303,222_hospital_claim.pdf,downloads/222_hospital_claim.pdf,downloads,raw_download,hospital_claim,545183,0.520,fbf18cf8890a81e4b471ba9d6484d18ef4b9cc204de5bf0a558de6b5999d66c9,,,2026-06-11T18:07:18+00:00,
pdf_000304,223_hospital_claim.pdf,downloads/223_hospital_claim.pdf,downloads,raw_download,hospital_claim,791899,0.755,9187e374b29ec3ea5bf2e1d231517280696a9d388e9b54543dae898fa1a8391c,,,2026-06-11T18:07:18+00:00,
pdf_000305,225_certificate_of_analysis.pdf,downloads/225_certificate_of_analysis.pdf,downloads,raw_download,certificate_of_analysis,2842823,2.711,a8bb4cdac9b304c7e39a68faffbe10b72eb9b89cbeafa2fa74e6b3761fda7dfe,,,2026-06-11T18:07:18+00:00,
pdf_000306,226_certificate_of_analysis.pdf,downloads/226_certificate_of_analysis.pdf,downloads,raw_download,certificate_of_analysis,324160,0.309,30bdbad0d0fc6b5627da06579a5c38a9cb09a6bb08906c28a6ad6fc8e0c9d5d8,,,2026-06-11T18:07:18+00:00,
pdf_000307,226_hospital_claim.pdf,downloads/226_hospital_claim.pdf,downloads,raw_download,hospital_claim,373235,0.356,f9f9a61094f693458f37c5d06299404966afc3f873bfca20fafbc5e2c7d9b499,,,2026-06-11T18:07:18+00:00,
pdf_000308,227_hospital_claim.pdf,downloads/227_hospital_claim.pdf,downloads,raw_download,hospital_claim,113382,0.108,c9dd36bc2cac9b7f9d70454f06a6a18c96b8c0911c10ae8d232a725b9d180b0f,,,2026-06-11T18:07:18+00:00,
pdf_000309,229_certificate_of_analysis.pdf,downloads/229_certificate_of_analysis.pdf,downloads,raw_download,certificate_of_analysis,8448263,8.057,b2d07ecb1b99f28a74721f84534a0b399a4b506cadb5952ed047a65a1fbfbecb,,,2026-06-11T18:07:18+00:00,
pdf_000310,231_hospital_claim.pdf,downloads/231_hospital_claim.pdf,downloads,raw_download,hospital_claim,283377,0.270,9bcd7b294be1cab216956b040b43c8e69a1f89b0f4294423cea983572bbba248,,,2026-06-11T18:07:18+00:00,
pdf_000311,237_hospital_claim.pdf,downloads/237_hospital_claim.pdf,downloads,raw_download,hospital_claim,524115,0.500,c4621348f5e176a0b04d3460913c14b7616eb998c7c6e1cbdfa7fb2d90a116a6,,,2026-06-11T18:07:18+00:00,
pdf_000312,237_patient_form.pdf,downloads/237_patient_form.pdf,downloads,raw_download,patient_form,553244,0.528,07b3829113cebec5d8aad725f4c5d4aec53d2bc6ef68ad0ad3c1bfea9619cc0b,,,2026-06-11T18:07:18+00:00,
pdf_000313,238_hospital_claim.pdf,downloads/238_hospital_claim.pdf,downloads,raw_download,hospital_claim,520938,0.497,16b12f87bd1d802a795d54d3c6b07416495d6083913e77b2a93f7e98d66f2721,,,2026-06-11T18:07:18+00:00,
pdf_000314,238_patient_form.pdf,downloads/238_patient_form.pdf,downloads,raw_download,patient_form,448018,0.427,8a2797c3d104207fbce50bb04f8cdb321f99c1d5f972cc2e244503711132bb05,,,2026-06-11T18:07:18+00:00,
pdf_000315,239_hospital_claim.pdf,downloads/239_hospital_claim.pdf,downloads,raw_download,hospital_claim,396394,0.378,95b82bf0e8fab61d323b7a2074a9943f0596e89bb6ca2c040843b838f5c6ab61,,,2026-06-11T18:07:18+00:00,
pdf_000316,239_patient_form.pdf,downloads/239_patient_form.pdf,downloads,raw_download,patient_form,247646,0.236,09f22da761c9402a419e74f4693bd2943611f241f113345193710b28b0dd534c,,,2026-06-11T18:07:18+00:00,
pdf_000317,241_hospital_claim.pdf,downloads/241_hospital_claim.pdf,downloads,raw_download,hospital_claim,53571,0.051,a6cf03056b65332d4a49ba99b314b4b03e355f20fb3f0cd728595e1ba9a9333e,,,2026-06-11T18:07:18+00:00,
pdf_000318,241_patient_form.pdf,downloads/241_patient_form.pdf,downloads,raw_download,patient_form,425784,0.406,2d509c3798adbcc07d1c4c844018ae56883b29bdaf0bedc3008dfeb7361ae678,,,2026-06-11T18:07:18+00:00,
pdf_000319,242_hospital_claim.pdf,downloads/242_hospital_claim.pdf,downloads,raw_download,hospital_claim,258704,0.247,ca8076dc4bcc8c66e19c1083c5f8ac48091be154c7f311d91da3d885c143d537,,,2026-06-11T18:07:18+00:00,
pdf_000320,242_patient_form.pdf,downloads/242_patient_form.pdf,downloads,raw_download,patient_form,419787,0.400,c7653e128ad6af3f64b125033e52583926e47802a4b448f1a4efab4e517f896e,,,2026-06-11T18:07:18+00:00,
pdf_000321,243_hospital_claim.pdf,downloads/243_hospital_claim.pdf,downloads,raw_download,hospital_claim,775857,0.740,7d8ac4ac0ead031f7af3b820b95fb0250d3f4e58d156e1364425d5ddfbe2154a,,,2026-06-11T18:07:18+00:00,
pdf_000322,243_patient_form.pdf,downloads/243_patient_form.pdf,downloads,raw_download,patient_form,62747,0.060,b2955ab4c956400bf54bb2a3457a0781ab5c5f1ef797696eac92549ddf3f09ad,,,2026-06-11T18:07:18+00:00,
pdf_000323,244_hospital_claim.pdf,downloads/244_hospital_claim.pdf,downloads,raw_download,hospital_claim,559054,0.533,fc468408434912b788777ab9ba9cdf19771bee3d5d8ff00576c62e4853ac12ea,,,2026-06-11T18:07:18+00:00,
pdf_000324,244_patient_form.pdf,downloads/244_patient_form.pdf,downloads,raw_download,patient_form,179434,0.171,dc8443e87889abc6702037b3e90212921b2ce62f49d4fab9650afbbd27af7fa4,,,2026-06-11T18:07:18+00:00,
pdf_000325,245_hospital_claim.pdf,downloads/245_hospital_claim.pdf,downloads,raw_download,hospital_claim,456071,0.435,ae75aaae2cb958d66f35cff75a4bc030fbcc89a28629af0d325afab84b896f80,,,2026-06-11T18:07:18+00:00,
pdf_000326,245_patient_form.pdf,downloads/245_patient_form.pdf,downloads,raw_download,patient_form,388495,0.370,96c93d68dbfd215ca8e259d82198e713555b8582385bf8093036077d05ad3b75,,,2026-06-11T18:07:18+00:00,
pdf_000327,246_hospital_claim.pdf,downloads/246_hospital_claim.pdf,downloads,raw_download,hospital_claim,58780,0.056,729cb2cf0faad7e86f8de13850e12d105e9abb02ddc5bf35665d962ac3eb7bea,,,2026-06-11T18:07:18+00:00,
pdf_000328,246_patient_form.pdf,downloads/246_patient_form.pdf,downloads,raw_download,patient_form,81470,0.078,c15225c11053a7b1bd435ce8760e18e9ae5bdbb0818e9b1ab8ad3c3c6faec590,,,2026-06-11T18:07:18+00:00,
pdf_000329,247_hospital_claim.pdf,downloads/247_hospital_claim.pdf,downloads,raw_download,hospital_claim,454141,0.433,3abdeee6ec711013343f77110940aaa79e858214ae65eb5769ad7b57d91ec806,,,2026-06-11T18:07:18+00:00,
pdf_000330,247_patient_form.pdf,downloads/247_patient_form.pdf,downloads,raw_download,patient_form,79961,0.076,477d02e9914b4daf32c6ece3f19e64f515009beccba4e304b275daa2f22cd674,,,2026-06-11T18:07:18+00:00,
pdf_000331,249_hospital_claim.pdf,downloads/249_hospital_claim.pdf,downloads,raw_download,hospital_claim,5385945,5.136,faa83e53f3425288ced2067ba8ea55175c18a9391027bde4254b35013aa4df8b,,,2026-06-11T18:07:18+00:00,
pdf_000332,249_patient_form.pdf,downloads/249_patient_form.pdf,downloads,raw_download,patient_form,131275,0.125,169aff50d5e9c79a6ad6cf92bc3d9e9426ddf4ec15f9e6011ebbb2f9c49092f2,,,2026-06-11T18:07:18+00:00,
pdf_000333,250_hospital_claim.pdf,downloads/250_hospital_claim.pdf,downloads,raw_download,hospital_claim,461660,0.440,7b96d9479cb66a306b9fedfd03531a7bfce511ea2115523a41aa49bbde05e3bf,,,2026-06-11T18:07:18+00:00,
pdf_000334,251_hospital_claim.pdf,downloads/251_hospital_claim.pdf,downloads,raw_download,hospital_claim,180009,0.172,4cdcb9399b3fb395f10454adb465966012fcb0fe9744afbf6c8d2db0ae3b90b8,,,2026-06-11T18:07:18+00:00,
pdf_000335,255_patient_form.pdf,downloads/255_patient_form.pdf,downloads,raw_download,patient_form,254779,0.243,007b1d60250055d85aa3e54e5302ad64e6118d6372351014b2094a752c200226,,,2026-06-11T18:07:18+00:00,
pdf_000336,260_hospital_claim.pdf,downloads/260_hospital_claim.pdf,downloads,raw_download,hospital_claim,106908,0.102,c8b8a7c9d1d3713057b7e35f76d4398d199de043da546060d84b49b39ac8ebab,,,2026-06-11T18:07:18+00:00,
pdf_000337,261_hospital_claim.pdf,downloads/261_hospital_claim.pdf,downloads,raw_download,hospital_claim,611755,0.583,f930a07e0056643dc9a28108c9b876f63c12379bfae802631e6a59a1db3aa392,,,2026-06-11T18:07:18+00:00,
pdf_000338,262_hospital_claim.pdf,downloads/262_hospital_claim.pdf,downloads,raw_download,hospital_claim,192255,0.183,f872800792ae86d2bfbd0890a19e617b0e47a09c321e7d340abaeb7f934beb1b,,,2026-06-11T18:07:18+00:00,
pdf_000339,265_patient_form.pdf,downloads/265_patient_form.pdf,downloads,raw_download,patient_form,66885,0.064,f1778ed5c84397bc8cdc20c0d0e9827a0e2e061bed7184f118dd162e7efcb7ce,,,2026-06-11T18:07:18+00:00,
pdf_000340,266_patient_form.pdf,downloads/266_patient_form.pdf,downloads,raw_download,patient_form,593567,0.566,8b86744f185ad6f4f253860887f6024b4817afa0d06ca5ec7bc186a0e49e9ffe,,,2026-06-11T18:07:18+00:00,
pdf_000341,269_medical_doctor_note.pdf,downloads/269_medical_doctor_note.pdf,downloads,raw_download,medical_doctor_note,210124,0.200,d89355d54be80178d7ecf7aeea279713b64e7a2e8e9aa245014086e7b1af4806,,,2026-06-11T18:07:18+00:00,
pdf_000342,269_patient_form.pdf,downloads/269_patient_form.pdf,downloads,raw_download,patient_form,164642,0.157,02c73ecdf8115c079fbc205ca13628a1e084e7ffda2af4be6835941f17c46455,,,2026-06-11T18:07:18+00:00,
pdf_000343,270_medical_doctor_note.pdf,downloads/270_medical_doctor_note.pdf,downloads,raw_download,medical_doctor_note,218159,0.208,34cb4cadb0ecca1e5a9c5cd84b60fadc21166c91b1833bf7ef5cff8ee067e31d,,,2026-06-11T18:07:18+00:00,
pdf_000344,271_medical_doctor_note.pdf,downloads/271_medical_doctor_note.pdf,downloads,raw_download,medical_doctor_note,401545,0.383,e2d486ed88d10b2834fe95468dcdf5d41f740d87b57fda99ed283d42a594bdf2,,,2026-06-11T18:07:18+00:00,
pdf_000345,272_medical_doctor_note.pdf,downloads/272_medical_doctor_note.pdf,downloads,raw_download,medical_doctor_note,363340,0.347,4f6c3f38cb05eef0af0d321aa707ee2ec1f75cbe67bd9c0ea22cc185e52f95a4,,,2026-06-11T18:07:18+00:00,
pdf_000346,273_medical_doctor_note.pdf,downloads/273_medical_doctor_note.pdf,downloads,raw_download,medical_doctor_note,782564,0.746,44b2aaba16fbe85b079a88f5d4216e9fb4ab492578c7d1316d075cb65c6b295f,,,2026-06-11T18:07:18+00:00,
pdf_000347,273_patient_form.pdf,downloads/273_patient_form.pdf,downloads,raw_download,patient_form,417323,0.398,52705a99449b58a854b72203522e9a4d6eec64933980b9a96072f8dca9f12182,,,2026-06-11T18:07:18+00:00,
pdf_000348,274_medical_doctor_note.pdf,downloads/274_medical_doctor_note.pdf,downloads,raw_download,medical_doctor_note,393961,0.376,f64d8a4997e017d52bda1a6c0601d427328b25e41af423b8c6a92c02377b03cb,,,2026-06-11T18:07:18+00:00,
pdf_000349,274_patient_form.pdf,downloads/274_patient_form.pdf,downloads,raw_download,patient_form,362030,0.345,1c500ae081f147db1fd60a198beb25feb914eb8a058820d81bb4b6b8dc4a8602,,,2026-06-11T18:07:18+00:00,
pdf_000350,276_patient_form.pdf,downloads/276_patient_form.pdf,downloads,raw_download,patient_form,2077065,1.981,8c35731638ed04c6739303d0a24d8912969cd7dafc33b69944b973da92c9b732,,,2026-06-11T18:07:18+00:00,
pdf_000351,278_patient_form.pdf,downloads/278_patient_form.pdf,downloads,raw_download,patient_form,325144,0.310,5bbbce2390eef4cbbb540c3cab4c1c477cbec1096c7cd01209996903641aaa32,,,2026-06-11T18:07:18+00:00,
pdf_000352,279_medical_doctor_note.pdf,downloads/279_medical_doctor_note.pdf,downloads,raw_download,medical_doctor_note,724650,0.691,6a589b994649b0414ef8a4f29500ab9404516f5afc499adbd2ba0a9cfb750875,,,2026-06-11T18:07:18+00:00,
pdf_000353,279_patient_form.pdf,downloads/279_patient_form.pdf,downloads,raw_download,patient_form,1176857,1.122,7b5b73529c9884152179423178b082f8d6970a13050d48003efebd762a4cd212,,,2026-06-11T18:07:18+00:00,
pdf_000354,280_medical_doctor_note.pdf,downloads/280_medical_doctor_note.pdf,downloads,raw_download,medical_doctor_note,819461,0.781,0c88507bd1873df981a9cdf27bffefb8b1ef9f68669b104558183310600bc7a8,,,2026-06-11T18:07:18+00:00,
pdf_000355,280_patient_form.pdf,downloads/280_patient_form.pdf,downloads,raw_download,patient_form,3083660,2.941,06de41da27acd7d5b0d89154dfbb3bfc0fdefffa2e39a2ab53f5a2404aa03739,,,2026-06-11T18:07:18+00:00,
pdf_000356,281_medical_doctor_note.pdf,downloads/281_medical_doctor_note.pdf,downloads,raw_download,medical_doctor_note,375515,0.358,932f6851a099cc02868a99ed0b6da737071b175d3411cb82c4d4845add705770,,,2026-06-11T18:07:18+00:00,
pdf_000357,282_patient_form.pdf,downloads/282_patient_form.pdf,downloads,raw_download,patient_form,139209,0.133,053cbc597f2f582ec5cf8318dfe17c0f039bfc3a6185b41b008ddd877f671a02,,,2026-06-11T18:07:18+00:00,
pdf_000358,283_medical_doctor_note.pdf,downloads/283_medical_doctor_note.pdf,downloads,raw_download,medical_doctor_note,1605241,1.531,f2c4d4140503a25984b8629e2ea6a3c41d7fb43063fa705f072a183a96d130c0,,,2026-06-11T18:07:18+00:00,
pdf_000359,283_patient_form.pdf,downloads/283_patient_form.pdf,downloads,raw_download,patient_form,431031,0.411,e1f499cccbe28d5f08967947700b604a61b79ed313d72b00e5dd932b58f71f94,,,2026-06-11T18:07:18+00:00,
pdf_000360,284_medical_doctor_note.pdf,downloads/284_medical_doctor_note.pdf,downloads,raw_download,medical_doctor_note,192810,0.184,624a624e78a0e1d6b952abc05e2b5e949568f6bc24db5a27ac2a019d8af7f777,,,2026-06-11T18:07:18+00:00,
pdf_000361,284_patient_form.pdf,downloads/284_patient_form.pdf,downloads,raw_download,patient_form,38661,0.037,93552db5c136bda0b4cfaf06f1d19e8b5a5fe9fb731b5c88b5e9b3327ccb7309,,,2026-06-11T18:07:18+00:00,
pdf_000362,285_patient_form.pdf,downloads/285_patient_form.pdf,downloads,raw_download,patient_form,601048,0.573,d2301bce43e91af0d1a24b6deb36b6d980f0bced922f83d65138f8243bfc6125,,,2026-06-11T18:07:18+00:00,
pdf_000363,286_medical_doctor_note.pdf,downloads/286_medical_doctor_note.pdf,downloads,raw_download,medical_doctor_note,403331,0.385,98fa22d683b39961f5ab963cf17293231bee6c8ae7a630769ebbeef90b6683d0,,,2026-06-11T18:07:18+00:00,
pdf_000364,286_patient_form.pdf,downloads/286_patient_form.pdf,downloads,raw_download,patient_form,8065763,7.692,c306292f3fa9ec587df34217168e3b0f104447b05a69cb1c27655041d586f801,,,2026-06-11T18:07:18+00:00,
pdf_000365,288_patient_form.pdf,downloads/288_patient_form.pdf,downloads,raw_download,patient_form,566154,0.540,5b2dff3d7ab0bb1b33cc3ec46da392577cc58b8498fe1ee9b6cdee42bb2e3ec9,,,2026-06-11T18:07:18+00:00,
pdf_000366,289_medical_doctor_note.pdf,downloads/289_medical_doctor_note.pdf,downloads,raw_download,medical_doctor_note,815822,0.778,77be8019b08cae993391e3bc88f9282a80fb0d39e243a37cc1552e9278a48127,,,2026-06-11T18:07:18+00:00,
pdf_000367,290_medical_doctor_note.pdf,downloads/290_medical_doctor_note.pdf,downloads,raw_download,medical_doctor_note,205389,0.196,4836e2e2b948a3b10799811c48b7e3b8b04e208f7cba656c4b9aaa589830a1e1,,,2026-06-11T18:07:18+00:00,
pdf_000368,294_medical_doctor_note.pdf,downloads/294_medical_doctor_note.pdf,downloads,raw_download,medical_doctor_note,436507,0.416,9acf4a5bf13c10ad98e21de1998b9a1511d19dfc44e074254ef9a8d6d3c0e73a,,,2026-06-11T18:07:18+00:00,
pdf_000369,295_medical_doctor_note.pdf,downloads/295_medical_doctor_note.pdf,downloads,raw_download,medical_doctor_note,8249161,7.867,0a679d4849352dd211e5f3f6d911a87a2ea17a61ce0ce8b78e695d06d778ed71,,,2026-06-11T18:07:18+00:00,
pdf_000370,297_medical_doctor_note.pdf,downloads/297_medical_doctor_note.pdf,downloads,raw_download,medical_doctor_note,1959480,1.869,56a36c7c59233ed0a72b33414a8310a6d025afb0921da816c6cda1869e779cea,,,2026-06-11T18:07:18+00:00,
pdf_000371,298_medical_doctor_note.pdf,downloads/298_medical_doctor_note.pdf,downloads,raw_download,medical_doctor_note,2586037,2.466,d3cbb5afc567b54a64d028144ceb37973d41b40b91d0be4d6c20724189f5d2a4,,,2026-06-11T18:07:18+00:00,
pdf_000372,300_medical_doctor_note.pdf,downloads/300_medical_doctor_note.pdf,downloads,raw_download,medical_doctor_note,3518504,3.356,d6b79745ae2a9ed69d19b16d05e0a32f51e6ae18fd9148916b91e40095e4110e,,,2026-06-11T18:07:18+00:00,
pdf_000373,302_medical_doctor_note.pdf,downloads/302_medical_doctor_note.pdf,downloads,raw_download,medical_doctor_note,96183,0.092,c542f42813e9f202995ee78e91d805afaca2a7ef19c1b0208f9af767a01f449c,,,2026-06-11T18:07:18+00:00,
pdf_000374,308_medical_doctor_note.pdf,downloads/308_medical_doctor_note.pdf,downloads,raw_download,medical_doctor_note,166737,0.159,31890fb813e5c4e0734df0b8ed9f4ede9c139f53d6069f7935124454dc95e78b,,,2026-06-11T18:07:18+00:00,
pdf_000375,310_medical_doctor_note.pdf,downloads/310_medical_doctor_note.pdf,downloads,raw_download,medical_doctor_note,223384,0.213,298ca084ea0661283bb1c743bd29f85bce4eda72219f0e80a3b8bd482704fe6f,,,2026-06-11T18:07:18+00:00,
pdf_000376,311_medical_doctor_note.pdf,downloads/311_medical_doctor_note.pdf,downloads,raw_download,medical_doctor_note,217875,0.208,5ba13dff7faf92efc6fe90dcbf8ad676da0676be2fc80415a508cf1a6ef38c8f,,,2026-06-11T18:07:18+00:00,
pdf_000377,312_medical_doctor_note.pdf,downloads/312_medical_doctor_note.pdf,downloads,raw_download,medical_doctor_note,4284048,4.086,9575b0a0f0227164ef1e2650890972d7d9e180f84ef3216d3ab705ce53f2285c,,,2026-06-11T18:07:18+00:00,
pdf_000378,313_medical_doctor_note.pdf,downloads/313_medical_doctor_note.pdf,downloads,raw_download,medical_doctor_note,782317,0.746,8702d75c9c11a7a1733b923fea4e71d79d54250ef6bbbc4c13a707fd6869a3b7,,,2026-06-11T18:07:18+00:00,
pdf_000379,314_medical_doctor_note.pdf,downloads/314_medical_doctor_note.pdf,downloads,raw_download,medical_doctor_note,334543,0.319,b14275736d6b239fa2daa8cd50f540e95dc2308f3ef62b278032ae9a82940233,,,2026-06-11T18:07:18+00:00,
pdf_000380,315_medical_doctor_note.pdf,downloads/315_medical_doctor_note.pdf,downloads,raw_download,medical_doctor_note,82926,0.079,f27069c2a3299e1de304d411fafec87935249c5ce939a2cc38a150d392b61397,,,2026-06-11T18:07:18+00:00,
pdf_000381,318_medical_doctor_note.pdf,downloads/318_medical_doctor_note.pdf,downloads,raw_download,medical_doctor_note,191098,0.182,da43b8851d04aa40d7d434300f037d466ae54e728ab54fe834da1f63e46acdc3,,,2026-06-11T18:07:18+00:00,
pdf_000382,319_logistics_financial.pdf,downloads/319_logistics_financial.pdf,downloads,raw_download,logistics_financial,91216,0.087,8a2e3e424558aa7bb04add05e73397107c42928476d08fc92a0d3b5b116095b4,,,2026-06-11T18:07:18+00:00,
pdf_000383,320_logistics_financial.pdf,downloads/320_logistics_financial.pdf,downloads,raw_download,logistics_financial,159537,0.152,4c3a38362624c5de726ff7a1376e89d651aca07321a253dcde2960e949731e07,,,2026-06-11T18:07:18+00:00,
pdf_000384,320_medical_doctor_note.pdf,downloads/320_medical_doctor_note.pdf,downloads,raw_download,medical_doctor_note,59940,0.057,5a019fee0b59f32b2c22fbc558fba8f45b03d07d876b773e2fdfe5c7b47e6c6f,,,2026-06-11T18:07:18+00:00,
pdf_000385,321_logistics_financial.pdf,downloads/321_logistics_financial.pdf,downloads,raw_download,logistics_financial,87493,0.083,b594bb73bb85615b7e653946b8258f8cfd3e0e842465906f15b3bc1437711aad,,,2026-06-11T18:07:18+00:00,
pdf_000386,321_medical_doctor_note.pdf,downloads/321_medical_doctor_note.pdf,downloads,raw_download,medical_doctor_note,68,0.000,2de33ca2d2cfb7f437aa190ecdd4b3991ff2879604c0e24aaf02849ae1f360b3,,,2026-06-11T18:07:18+00:00,
pdf_000387,322_logistics_financial.pdf,downloads/322_logistics_financial.pdf,downloads,raw_download,logistics_financial,134837,0.129,f0653eabe81ad977f957853914291c3cb32ef55353497692a72bdcdbb4d8fde1,,,2026-06-11T18:07:18+00:00,
pdf_000388,322_medical_doctor_note.pdf,downloads/322_medical_doctor_note.pdf,downloads,raw_download,medical_doctor_note,105111,0.100,29b28aeeedac94628fd3ebe6fa85f8ca14d5668f6ef60f90d3ee39c75ae2aa9d,,,2026-06-11T18:07:18+00:00,
pdf_000389,323_logistics_financial.pdf,downloads/323_logistics_financial.pdf,downloads,raw_download,logistics_financial,136571,0.130,f77ee90ba5e720ce02ea44d80500e5c20a62b6d756293a88172d610bdb53abc9,,,2026-06-11T18:07:18+00:00,
pdf_000390,323_medical_doctor_note.pdf,downloads/323_medical_doctor_note.pdf,downloads,raw_download,medical_doctor_note,299889,0.286,165e9ce890d0a6ea62763ec6631dfcd29f3e9aaa7d7aa2ee106832961cfd9d12,,,2026-06-11T18:07:18+00:00,
pdf_000391,324_logistics_financial.pdf,downloads/324_logistics_financial.pdf,downloads,raw_download,logistics_financial,294888,0.281,1ce9f8b28aaa1ae16ef4f3a54e23d5356d9de80a04ebc620aced2839cd24b5c8,,,2026-06-11T18:07:18+00:00,
pdf_000392,326_logistics_financial.pdf,downloads/326_logistics_financial.pdf,downloads,raw_download,logistics_financial,60615,0.058,a5295c2a31ea940b97e0c7ecaff0ea4833ede19fd7fc18c576d4ffdf39788520,,,2026-06-11T18:07:18+00:00,
pdf_000393,327_logistics_financial.pdf,downloads/327_logistics_financial.pdf,downloads,raw_download,logistics_financial,146808,0.140,107d57fd8d7a9c5fbed99fae0a681f1287caddece2da9b9847f29ba9eaaa8389,,,2026-06-11T18:07:18+00:00,
pdf_000394,327_medical_doctor_note.pdf,downloads/327_medical_doctor_note.pdf,downloads,raw_download,medical_doctor_note,3162578,3.016,672bf6882a517262e199166b56ba2bf1d223f66267baccb5f2c8bbdfad62f9e6,,,2026-06-11T18:07:18+00:00,
pdf_000395,328_logistics_financial.pdf,downloads/328_logistics_financial.pdf,downloads,raw_download,logistics_financial,149360,0.142,d4241949276e740fa13d3e98b1c020e88c8ee84cc92807ffc8f0499677548583,,,2026-06-11T18:07:18+00:00,
pdf_000396,329_logistics_financial.pdf,downloads/329_logistics_financial.pdf,downloads,raw_download,logistics_financial,1383735,1.320,1d83235baed7bb79af3144b8a7a84693e7fb2f31b26c57f07024337ccdc3d4af,,,2026-06-11T18:07:18+00:00,
pdf_000397,330_logistics_financial.pdf,downloads/330_logistics_financial.pdf,downloads,raw_download,logistics_financial,153622,0.147,a1a55214f98ea93e9cdfd55eed46beeeb206eda8d3015ee8c2610054e4de8f0e,,,2026-06-11T18:07:18+00:00,
pdf_000398,330_medical_doctor_note.pdf,downloads/330_medical_doctor_note.pdf,downloads,raw_download,medical_doctor_note,226941,0.216,8bdbc350664900149f4740829c249f7e7b2910c5d297525e3431e16bc4caa589,,,2026-06-11T18:07:18+00:00,
pdf_000399,331_logistics_financial.pdf,downloads/331_logistics_financial.pdf,downloads,raw_download,logistics_financial,1378593,1.315,8433330d02dbee9b495f20bfb4525b98eccbe35d8ab0d575b5edef99e8198b05,,,2026-06-11T18:07:18+00:00,
pdf_000400,331_medical_doctor_note.pdf,downloads/331_medical_doctor_note.pdf,downloads,raw_download,medical_doctor_note,2144100,2.045,c4f2086ec75d19145f828e88c86db583d11f2b72f6e807e29d6189cc1e345f0e,,,2026-06-11T18:07:18+00:00,
pdf_000401,332_logistics_financial.pdf,downloads/332_logistics_financial.pdf,downloads,raw_download,logistics_financial,155112,0.148,d94a4793c1ff0a66ba6c1523cf537c2ce405b838d5686fe1b0af19362e0c0997,,,2026-06-11T18:07:18+00:00,
pdf_000402,332_medical_doctor_note.pdf,downloads/332_medical_doctor_note.pdf,downloads,raw_download,medical_doctor_note,1292814,1.233,f9f5a51396ec9da7d467f4c407f2ad3f23849bb5edaa945b0ea14924613a91bf,,,2026-06-11T18:07:18+00:00,
pdf_000403,333_medical_doctor_note.pdf,downloads/333_medical_doctor_note.pdf,downloads,raw_download,medical_doctor_note,5765316,5.498,9c750a35bccff3ce94de53b9422515229b12c7ba590ade8531ea268576f14ba6,,,2026-06-11T18:07:18+00:00,
pdf_000404,334_logistics_financial.pdf,downloads/334_logistics_financial.pdf,downloads,raw_download,logistics_financial,367055,0.350,6f8f99370ce228e23f9d67765ed6cfd2cee842be91c7b2944fca90e75d11efc1,,,2026-06-11T18:07:18+00:00,
pdf_000405,334_medical_doctor_note.pdf,downloads/334_medical_doctor_note.pdf,downloads,raw_download,medical_doctor_note,9265376,8.836,7b1f8acad28ceda3dbe4a22b1cbf7d788526a077d1ac13fa32f34cdebf998263,,,2026-06-11T18:07:18+00:00,
pdf_000406,337_logistics_financial.pdf,downloads/337_logistics_financial.pdf,downloads,raw_download,logistics_financial,8193366,7.814,56ec09a552be27df05ad89a1e236fd04b07b1282307dfdde679de844d3765853,,,2026-06-11T18:07:18+00:00,
pdf_000407,337_medical_doctor_note.pdf,downloads/337_medical_doctor_note.pdf,downloads,raw_download,medical_doctor_note,4497847,4.289,0f06442125dd6f6c66566bd1cf131e7d87fa375ce8ef167343471a9b5eeb0873,,,2026-06-11T18:07:18+00:00,
pdf_000408,338_logistics_financial.pdf,downloads/338_logistics_financial.pdf,downloads,raw_download,logistics_financial,1542169,1.471,ff2d3882654d17057e2be54421d84ead724644d2119216d8208813d7efb5c86b,,,2026-06-11T18:07:18+00:00,
pdf_000409,339_logistics_financial.pdf,downloads/339_logistics_financial.pdf,downloads,raw_download,logistics_financial,419291,0.400,dfdbda591e05d238870c62ded3083934f80d51a75f0174842ed743b213551a9c,,,2026-06-11T18:07:18+00:00,
pdf_000410,340_logistics_financial.pdf,downloads/340_logistics_financial.pdf,downloads,raw_download,logistics_financial,194824,0.186,7ba1f2c2adbc23c41202e1664cb9dc5f17b6e026bd24b244231a19d594631ba1,,,2026-06-11T18:07:18+00:00,
pdf_000411,341_logistics_financial.pdf,downloads/341_logistics_financial.pdf,downloads,raw_download,logistics_financial,750005,0.715,bd42b13661a9f83ed72d1d0c4fbfd94e8749d3961598ab5c50537e3f018476d1,,,2026-06-11T18:07:18+00:00,
pdf_000412,342_logistics_financial.pdf,downloads/342_logistics_financial.pdf,downloads,raw_download,logistics_financial,552180,0.527,110ab23a2b5fe0ba311c294eb9fa9034bf60f5b0c4cc64054a2bb9fe8b9d4f0b,,,2026-06-11T18:07:18+00:00,
pdf_000413,342_medical_doctor_note.pdf,downloads/342_medical_doctor_note.pdf,downloads,raw_download,medical_doctor_note,608107,0.580,49f9211873dbe9cc780418de5b9959e2ee600fe409322b499ec9f67f83182bc5,,,2026-06-11T18:07:18+00:00,
pdf_000414,346_logistics_financial.pdf,downloads/346_logistics_financial.pdf,downloads,raw_download,logistics_financial,264616,0.252,df996755c1147eb0006a9edb4b8c461280c26670a12d42cbfb3cd5fd23a2e947,,,2026-06-11T18:07:18+00:00,
pdf_000415,347_logistics_financial.pdf,downloads/347_logistics_financial.pdf,downloads,raw_download,logistics_financial,295484,0.282,0abcf60f766f59259c7e37bf8885fec6bc5fe36e178132fc84ba53bb24377115,,,2026-06-11T18:07:18+00:00,
pdf_000416,347_medical_doctor_note.pdf,downloads/347_medical_doctor_note.pdf,downloads,raw_download,medical_doctor_note,1724346,1.644,6c371bd89efd0aed86ae74550575775e217207a365899c0f53274b7962724306,,,2026-06-11T18:07:18+00:00,
pdf_000417,353_handwritten.pdf,downloads/353_handwritten.pdf,downloads,raw_download,handwritten,445343,0.425,34861941767b7e2530a2ab5942570c66a7d699451b31682c02d89671ddcf1e6d,,,2026-06-11T18:07:18+00:00,
pdf_000418,354_handwritten.pdf,downloads/354_handwritten.pdf,downloads,raw_download,handwritten,127687,0.122,d47d5e908217eb90ce1110ff1f814f1d8c9ecf1eb1f793cb36505fee4f7fbba2,,,2026-06-11T18:07:18+00:00,
pdf_000419,355_handwritten.pdf,downloads/355_handwritten.pdf,downloads,raw_download,handwritten,406397,0.388,827f39f75aed5eefe1f94377725172e58f27e909d63d6500c10d7ac3c4b4e910,,,2026-06-11T18:07:18+00:00,
pdf_000420,356_handwritten.pdf,downloads/356_handwritten.pdf,downloads,raw_download,handwritten,87780,0.084,aeade2d879d00ff934e9907b537227166bdca5e0984b0d3fa5b5964271b3d3f8,,,2026-06-11T18:07:18+00:00,
pdf_000421,356_logistics_financial.pdf,downloads/356_logistics_financial.pdf,downloads,raw_download,logistics_financial,295082,0.281,61d4a85cbe0cfc7761903ac372895d536f4b757bb368a9ff1b6bd2b24eeb770f,,,2026-06-11T18:07:18+00:00,
pdf_000422,357_handwritten.pdf,downloads/357_handwritten.pdf,downloads,raw_download,handwritten,334472,0.319,45801360ab71e808e6eec3b9755e89a1e0e85a7a49d5c23981b20013f9619494,,,2026-06-11T18:07:18+00:00,
pdf_000423,357_logistics_financial.pdf,downloads/357_logistics_financial.pdf,downloads,raw_download,logistics_financial,1021802,0.974,df48ea02747c8b95d50bdba1ccfb2e999a76a1835ba248c65f3404af5dfa8b52,,,2026-06-11T18:07:18+00:00,
pdf_000424,358_handwritten.pdf,downloads/358_handwritten.pdf,downloads,raw_download,handwritten,31889,0.030,1ddfa9ee795bc5575a05b7402ae23e6c42c2df63b32d97f75a327a4c40a3317e,,,2026-06-11T18:07:18+00:00,
pdf_000425,358_logistics_financial.pdf,downloads/358_logistics_financial.pdf,downloads,raw_download,logistics_financial,188948,0.180,ddb2ef86a04a6d60a3e4a986e4474ee5c32ea6291609c28e32f7880cabe7db58,,,2026-06-11T18:07:18+00:00,
pdf_000426,359_logistics_financial.pdf,downloads/359_logistics_financial.pdf,downloads,raw_download,logistics_financial,80237,0.077,27a5ce5f529e91d7a9ca81fe644f36a86292d1618f346f78c595adc70ecbb4c8,,,2026-06-11T18:07:18+00:00,
pdf_000427,361_handwritten.pdf,downloads/361_handwritten.pdf,downloads,raw_download,handwritten,822500,0.784,03d541689bd315456663d6d4f3d02e1f9b0367318a3447e228df58c79b029520,,,2026-06-11T18:07:18+00:00,
pdf_000428,362_logistics_financial.pdf,downloads/362_logistics_financial.pdf,downloads,raw_download,logistics_financial,462163,0.441,c525aa692f552dc208b531a4123d1f63a2bb633e1fb4ed91391312a713d77edc,,,2026-06-11T18:07:18+00:00,
pdf_000429,363_logistics_financial.pdf,downloads/363_logistics_financial.pdf,downloads,raw_download,logistics_financial,102641,0.098,73bb7376c196fee0ff2a4b73e30daaa471f9c57f2926f272974aede68809e8d9,,,2026-06-11T18:07:18+00:00,
pdf_000430,365_logistics_financial.pdf,downloads/365_logistics_financial.pdf,downloads,raw_download,logistics_financial,246545,0.235,6a8adf81da7113ed810a05ecdbe086c2c19f75468ef3064d62b1b63db71ec7f1,,,2026-06-11T18:07:18+00:00,
pdf_000431,366_logistics_financial.pdf,downloads/366_logistics_financial.pdf,downloads,raw_download,logistics_financial,198369,0.189,658a34daf09068c1f55bbe8778a94e2e35844eac26812b8be00f802d28f952ad,,,2026-06-11T18:07:18+00:00,
pdf_000432,367_logistics_financial.pdf,downloads/367_logistics_financial.pdf,downloads,raw_download,logistics_financial,265903,0.254,d5573097e464bb9a836db91ac744f824c77fc92c907ec7f1ac5570030be71fd7,,,2026-06-11T18:07:18+00:00,
pdf_000433,368_logistics_financial.pdf,downloads/368_logistics_financial.pdf,downloads,raw_download,logistics_financial,784033,0.748,67a449e0e65657fef9f84cf3e256fba56b1c7456a8834a177b26af21f92175a2,,,2026-06-11T18:07:18+00:00,
pdf_000434,369_handwritten.pdf,downloads/369_handwritten.pdf,downloads,raw_download,handwritten,229174,0.219,782fd8c55bc774912ebf86c19aabb57645a861624c7ac629c0d2f0147d4454f0,,,2026-06-11T18:07:18+00:00,
pdf_000435,369_logistics_financial.pdf,downloads/369_logistics_financial.pdf,downloads,raw_download,logistics_financial,568926,0.543,157f186d0c2a9a009daa4a3bcc1b81be29edcb7c2952a7495e023b23313a2ff3,,,2026-06-11T18:07:18+00:00,
pdf_000436,371_handwritten.pdf,downloads/371_handwritten.pdf,downloads,raw_download,handwritten,168444,0.161,4343dcbb8710b97dd289962d5d800848d1457bd91b96e9d24feecd9cebf46a39,,,2026-06-11T18:07:18+00:00,
pdf_000437,372_handwritten.pdf,downloads/372_handwritten.pdf,downloads,raw_download,handwritten,1223035,1.166,32bc5e2f1eb3f19e3dc0b62fc9727150bd71d4de28a70bef6bb40a8480cb4476,,,2026-06-11T18:07:18+00:00,
pdf_000438,373_handwritten.pdf,downloads/373_handwritten.pdf,downloads,raw_download,handwritten,316747,0.302,f3eab68ce1437aab9f637060cc7a4cf120a8a510daa03129c8b38bacb8e02620,,,2026-06-11T18:07:18+00:00,
pdf_000439,374_handwritten.pdf,downloads/374_handwritten.pdf,downloads,raw_download,handwritten,179047,0.171,d0575cb49d3d471aa9a787dd382c6d7f1848406e223a1b7313dc287f607380d2,,,2026-06-11T18:07:18+00:00,
pdf_000440,375_handwritten.pdf,downloads/375_handwritten.pdf,downloads,raw_download,handwritten,193236,0.184,a4b389eeacaa2ba2632f284037ef4a461baae625f199204e76905e72a9935132,,,2026-06-11T18:07:18+00:00,
pdf_000441,376_handwritten.pdf,downloads/376_handwritten.pdf,downloads,raw_download,handwritten,765681,0.730,2d1e011d5053dfd2ddf5845bb0bc322465565ede21c9d8fbd7e24268363a0165,,,2026-06-11T18:07:18+00:00,
pdf_000442,377_handwritten.pdf,downloads/377_handwritten.pdf,downloads,raw_download,handwritten,190381,0.182,f49c6c385f291f0d9180e398fe6e22397e89be8eac7130c82ef63f4902417b96,,,2026-06-11T18:07:18+00:00,
pdf_000443,378_logistics_financial.pdf,downloads/378_logistics_financial.pdf,downloads,raw_download,logistics_financial,938880,0.895,dfa70834868fe9dc90529fef46cc1f5688aa5521d26635cdae81d4d673baf3b5,,,2026-06-11T18:07:18+00:00,
pdf_000444,379_handwritten.pdf,downloads/379_handwritten.pdf,downloads,raw_download,handwritten,3745891,3.572,f4fc45bff3eba26e5f66714f3746de65e281a1bc7eda2cf312ebc57b4d7ece47,,,2026-06-11T18:07:18+00:00,
pdf_000445,380_handwritten.pdf,downloads/380_handwritten.pdf,downloads,raw_download,handwritten,1349441,1.287,6f798bba4e860adaea22c60ea1f13a110077dc430bf2c10b0a096d9b88ada810,,,2026-06-11T18:07:18+00:00,
pdf_000446,380_logistics_financial.pdf,downloads/380_logistics_financial.pdf,downloads,raw_download,logistics_financial,265680,0.253,08d1cf6954169faf50cc8d91cc869a93e1d049441f29e74e208ddd03f41226c4,,,2026-06-11T18:07:18+00:00,
pdf_000447,381_handwritten.pdf,downloads/381_handwritten.pdf,downloads,raw_download,handwritten,504983,0.482,2a4036a3b262d53b6aeead8f4553f305ce8931716973f4b4cf9e67c9ae4a6544,,,2026-06-11T18:07:18+00:00,
pdf_000448,384_logistics_financial.pdf,downloads/384_logistics_financial.pdf,downloads,raw_download,logistics_financial,122960,0.117,d28be99ced9dd577beac4e02cd5033256f70fedc3eeef57cb974c71598a6a068,,,2026-06-11T18:07:18+00:00,
pdf_000449,385_logistics_financial.pdf,downloads/385_logistics_financial.pdf,downloads,raw_download,logistics_financial,125784,0.120,514ca7edc38dbf43a5e3d80a3df51cdfedd2541ddd967f3ce5714aa6bd9bad87,,,2026-06-11T18:07:18+00:00,
pdf_000450,386_logistics_financial.pdf,downloads/386_logistics_financial.pdf,downloads,raw_download,logistics_financial,293538,0.280,395056f220f66137188e524dc0e15d4fd9397f671407c0b1408262bbef14ec1f,,,2026-06-11T18:07:18+00:00,
pdf_000451,388_handwritten.pdf,downloads/388_handwritten.pdf,downloads,raw_download,handwritten,86361,0.082,db7a6cbff7bf47567bd340ca268e8e56c88a7a64022a467c0a189d1d6a3b0a52,,,2026-06-11T18:07:18+00:00,
pdf_000452,390_handwritten.pdf,downloads/390_handwritten.pdf,downloads,raw_download,handwritten,116325,0.111,b1e315814c26649fc5fcc19cc3b80c0fe280c59838f0472932a5d722c5bc919b,,,2026-06-11T18:07:18+00:00,
pdf_000453,394_handwritten.pdf,downloads/394_handwritten.pdf,downloads,raw_download,handwritten,536707,0.512,5454adc01e9088ee6e8bdcb20f8052f30fa79eac7fb0ab56ef7bf55055de4e19,,,2026-06-11T18:07:18+00:00,
pdf_000454,400_handwritten.pdf,downloads/400_handwritten.pdf,downloads,raw_download,handwritten,102562,0.098,fabf15e6209f69cc7a3addd4c5bb6f7025c2d94e354e46f1351a74286ceeaeb9,,,2026-06-11T18:07:18+00:00,
pdf_000455,402_handwritten.pdf,downloads/402_handwritten.pdf,downloads,raw_download,handwritten,411741,0.393,3dff1ca7d65e593392cf70f5ecc43e025d51b0b454be37f73f541183d9cd765a,,,2026-06-11T18:07:18+00:00,
pdf_000456,403_handwritten.pdf,downloads/403_handwritten.pdf,downloads,raw_download,handwritten,118913,0.113,9f5977270a1e96cc5837e4894519d9eb2560f43bf6873863b328e667d6113874,,,2026-06-11T18:07:18+00:00,
pdf_000457,404_handwritten.pdf,downloads/404_handwritten.pdf,downloads,raw_download,handwritten,165978,0.158,c44259cbe2c4c224d862a02b09332b24307cbc024f981ec827ed83bf7964b972,,,2026-06-11T18:07:18+00:00,
pdf_000458,405_handwritten.pdf,downloads/405_handwritten.pdf,downloads,raw_download,handwritten,209767,0.200,7f53c1c5de736fd72fbf13ca6b43e57f13442c103fd2a73b19f636759ea4a89d,,,2026-06-11T18:07:18+00:00,
pdf_000459,406_handwritten.pdf,downloads/406_handwritten.pdf,downloads,raw_download,handwritten,463927,0.442,2f142fd700bdf8c66f3522c3151d6516ef4d3d914af25e25bd471118ca1349f2,,,2026-06-11T18:07:18+00:00,
pdf_000460,407_handwritten.pdf,downloads/407_handwritten.pdf,downloads,raw_download,handwritten,101758,0.097,5b0c51d197cbca01d2d5d207140a6d6bdb04663445ee18b9766457f6eb4426dd,,,2026-06-11T18:07:18+00:00,
pdf_000461,408_handwritten.pdf,downloads/408_handwritten.pdf,downloads,raw_download,handwritten,469206,0.447,e57187e77dd905ce5219761255eee44df127bdd3ca667b86eea27b4269fb22b2,,,2026-06-11T18:07:18+00:00,
pdf_000462,409_handwritten.pdf,downloads/409_handwritten.pdf,downloads,raw_download,handwritten,1331222,1.270,67ee825f2d7b455734ab3f2f8c648f1bf15ac9308fd41e1c31393fd3e7a5b7da,,,2026-06-11T18:07:18+00:00,
pdf_000463,411_handwritten.pdf,downloads/411_handwritten.pdf,downloads,raw_download,handwritten,483290,0.461,99a955d867498c3b0a1c4ea7084e68990d69d23ef7c17cc6c1607780428d926d,,,2026-06-11T18:07:18+00:00,
pdf_000464,412_handwritten.pdf,downloads/412_handwritten.pdf,downloads,raw_download,handwritten,1135458,1.083,1d49e5e20e0e62ec88bb4b0ab6e27187ae460c35f5b04d80b04545a7f09ee702,,,2026-06-11T18:07:18+00:00,
pdf_000465,414_handwritten.pdf,downloads/414_handwritten.pdf,downloads,raw_download,handwritten,1378403,1.315,ec70687597f640a293a483cb4e7814cb5733e2c71c535266606a15b98e824ecb,,,2026-06-11T18:07:18+00:00,
pdf_000466,415_handwritten.pdf,downloads/415_handwritten.pdf,downloads,raw_download,handwritten,467420,0.446,ff3c611941fd0c8110aa44ff5174b4d1381a33d1996759fbb094d93444a00f37,,,2026-06-11T18:07:18+00:00,
pdf_000467,416_handwritten.pdf,downloads/416_handwritten.pdf,downloads,raw_download,handwritten,1763424,1.682,2f60c10742036bc320261f0c9fde10f269b162eb89ce24962e85f7031a9be974,,,2026-06-11T18:07:18+00:00,
pdf_000468,417_handwritten.pdf,downloads/417_handwritten.pdf,downloads,raw_download,handwritten,129104,0.123,4c4c249fdc28361993760cc67fa3c7ace1e7bd635f7e3072a04a4425ead94294,,,2026-06-11T18:07:18+00:00,
pdf_000469,418_handwritten.pdf,downloads/418_handwritten.pdf,downloads,raw_download,handwritten,249210,0.238,e8090057b439aaf9e8e8f8d5234015097fcd098c0aca24d5432c10a819f03e49,,,2026-06-11T18:07:18+00:00,
pdf_000470,419_handwritten.pdf,downloads/419_handwritten.pdf,downloads,raw_download,handwritten,357872,0.341,a36f7623a7ce14b6c94add1094e4a2bfc694e3762028d8200ddd8819384e9b6e,,,2026-06-11T18:07:18+00:00,
pdf_000471,422_editable_docs.pdf,downloads/422_editable_docs.pdf,downloads,raw_download,editable_docs,1209342,1.153,ce8cb7087466514b31a3eaa51ed624bef727ad3402ac06ce4c45f1bad210cce1,,,2026-06-11T18:07:18+00:00,
pdf_000472,422_handwritten.pdf,downloads/422_handwritten.pdf,downloads,raw_download,handwritten,190174,0.181,0d660a8ba02fce2b6ea98c54d21dba1466da325782feb44273c4eb528f12af79,,,2026-06-11T18:07:18+00:00,
pdf_000473,423_handwritten.pdf,downloads/423_handwritten.pdf,downloads,raw_download,handwritten,299042,0.285,53ffbdea0bd3238166f03c602c4bdb1e01ff800949090a2cf2f36b63a95d3344,,,2026-06-11T18:07:18+00:00,
pdf_000474,424_handwritten.pdf,downloads/424_handwritten.pdf,downloads,raw_download,handwritten,119688,0.114,6f2b2119ed0c564c9a089def2ba24b456493f604ca11ee1d72a24f01615a2383,,,2026-06-11T18:07:18+00:00,
pdf_000475,425_handwritten.pdf,downloads/425_handwritten.pdf,downloads,raw_download,handwritten,222457,0.212,0d342fc8dfddfa434567c55b054b75fdf16620ea6c5fa3746a4bacfdfb0e7c42,,,2026-06-11T18:07:18+00:00,
pdf_000476,427_handwritten.pdf,downloads/427_handwritten.pdf,downloads,raw_download,handwritten,1119932,1.068,43245adcce441a95aa1e38d50bc4a4d65af7dffb452a25742f9c5cc6002717fe,,,2026-06-11T18:07:18+00:00,
pdf_000477,428_handwritten.pdf,downloads/428_handwritten.pdf,downloads,raw_download,handwritten,191078,0.182,95422ae408476460ff354dd38c1aa4e9b79877dcb076911dc3e064a84ae69fb5,,,2026-06-11T18:07:18+00:00,
pdf_000478,429_handwritten.pdf,downloads/429_handwritten.pdf,downloads,raw_download,handwritten,9383478,8.949,310757725ebea3c12ad9e644b2135becaf5b47c79f7342cf01362de1b54e1f6e,,,2026-06-11T18:07:18+00:00,
pdf_000479,430_handwritten.pdf,downloads/430_handwritten.pdf,downloads,raw_download,handwritten,57152,0.055,388af4c25c6b052525aaeebf2915736a1203e85da8524f2f9eb7d45cdb791696,,,2026-06-11T18:07:18+00:00,
pdf_000480,431_handwritten.pdf,downloads/431_handwritten.pdf,downloads,raw_download,handwritten,656409,0.626,040b459f7ea51d3e8f9cbe1ae25ef8f4cf1cba31bd599bf5142e770f859da1f1,,,2026-06-11T18:07:18+00:00,
pdf_000481,432_handwritten.pdf,downloads/432_handwritten.pdf,downloads,raw_download,handwritten,267590,0.255,a62dafd708afffb460bdeed3ac2b68ee7dbb78a56b4cfb5af492734f37ac5bcc,,,2026-06-11T18:07:18+00:00,
pdf_000482,433_handwritten.pdf,downloads/433_handwritten.pdf,downloads,raw_download,handwritten,71359,0.068,e2b60281c9df8561f2e8fdfd1e9c0c0863c4bf63f02a5c801232217a991da38c,,,2026-06-11T18:07:18+00:00,
pdf_000483,434_handwritten.pdf,downloads/434_handwritten.pdf,downloads,raw_download,handwritten,327800,0.313,41f10dd231921fe2c1d99076c86904a8795642946aa17ec856b3449e398ce130,,,2026-06-11T18:07:18+00:00,
pdf_000484,435_handwritten.pdf,downloads/435_handwritten.pdf,downloads,raw_download,handwritten,869456,0.829,b2dc3e7c2909358100cfb781210995643da2476549cb3238fd352f1044ec77cc,,,2026-06-11T18:07:18+00:00,
pdf_000485,438_handwritten.pdf,downloads/438_handwritten.pdf,downloads,raw_download,handwritten,73395,0.070,f9a2c97c758656a2572bad1bd4b795d8ccc0bf69bbe5f65ffa631c8bc2be31df,,,2026-06-11T18:07:18+00:00,
pdf_000486,439_handwritten.pdf,downloads/439_handwritten.pdf,downloads,raw_download,handwritten,40842,0.039,16ef970a39006741da24daee8aa3a0392a9d9bf9070001107c71333dfac178df,,,2026-06-11T18:07:18+00:00,
pdf_000487,440_handwritten.pdf,downloads/440_handwritten.pdf,downloads,raw_download,handwritten,130361,0.124,6378754cde1a4a11f9db5e1a845df2399e8ffd2e301237a51154394ce7c3b47d,,,2026-06-11T18:07:18+00:00,
pdf_000488,443_handwritten.pdf,downloads/443_handwritten.pdf,downloads,raw_download,handwritten,117716,0.112,84efd56c5cde5df01d782d731a7c58ea2b80021cb37ab41ae0d670ccbf131aa1,,,2026-06-11T18:07:18+00:00,
pdf_000489,444_handwritten.pdf,downloads/444_handwritten.pdf,downloads,raw_download,handwritten,342788,0.327,afa83bb8bc202f4f8ba67f2c2d7933640fe0df595fdee569139912fdcddfce97,,,2026-06-11T18:07:18+00:00,
pdf_000490,446_handwritten.pdf,downloads/446_handwritten.pdf,downloads,raw_download,handwritten,214424,0.204,971c23c1949fe4a3edb683a93d72d68dba25f57b1b4fcc1f9cf1928ce4140853,,,2026-06-11T18:07:18+00:00,
pdf_000491,447_handwritten.pdf,downloads/447_handwritten.pdf,downloads,raw_download,handwritten,322794,0.308,57e12138ab6649d44a4ef250f58f32d4917348db16a156801b6e99dc87239418,,,2026-06-11T18:07:18+00:00,
pdf_000492,449_handwritten.pdf,downloads/449_handwritten.pdf,downloads,raw_download,handwritten,255801,0.244,389d7a5aca97ac3f1faf7045790774583e30ad0fa1dad8c0519bc93a041e7b51,,,2026-06-11T18:07:18+00:00,
pdf_000493,450_handwritten.pdf,downloads/450_handwritten.pdf,downloads,raw_download,handwritten,2917115,2.782,c79a1cfc0a2ddfc045955fddc5d1f9c433983b178cdb5bb937e674258d752545,,,2026-06-11T18:07:18+00:00,
pdf_000494,452_handwritten.pdf,downloads/452_handwritten.pdf,downloads,raw_download,handwritten,527135,0.503,276d0f49e8e351de62428e8197577248e058035fbc367755dcd028f6c601fb31,,,2026-06-11T18:07:18+00:00,
pdf_000495,453_handwritten.pdf,downloads/453_handwritten.pdf,downloads,raw_download,handwritten,228570,0.218,fabc8c9e7082bedfefcb51df1451cf37624654a7b808e220d926f3e2670ab758,,,2026-06-11T18:07:18+00:00,
pdf_000496,454_handwritten.pdf,downloads/454_handwritten.pdf,downloads,raw_download,handwritten,432433,0.412,b26cf1a8fa24f148a91c8cc025bbd8ae4229e9095c27ed866caadae60549a35d,,,2026-06-11T18:07:18+00:00,
pdf_000497,455_handwritten.pdf,downloads/455_handwritten.pdf,downloads,raw_download,handwritten,80505,0.077,9f70203cadc6d5bbce4aa62a51c39513536fe3275db9d02acf44f4399a6939a5,,,2026-06-11T18:07:18+00:00,
pdf_000498,456_handwritten.pdf,downloads/456_handwritten.pdf,downloads,raw_download,handwritten,100295,0.096,b025910ff8ee50ca8c9af927a2936f1a7736e6431c9355888bb4c75a6b4637f1,,,2026-06-11T18:07:18+00:00,
pdf_000499,458_handwritten.pdf,downloads/458_handwritten.pdf,downloads,raw_download,handwritten,35067,0.033,98c2f54ddd7fcd0935a7ba971c640c86982baedadd6beb4f7464dd535fc6b3cc,,,2026-06-11T18:07:18+00:00,
pdf_000500,461_handwritten.pdf,downloads/461_handwritten.pdf,downloads,raw_download,handwritten,341988,0.326,bc948c72b300af037bb9ec070a49c89b8c4a9bdc46004d3fd8fdff860222ee7d,,,2026-06-11T18:07:18+00:00,
pdf_000501,462_handwritten.pdf,downloads/462_handwritten.pdf,downloads,raw_download,handwritten,277492,0.265,09c6999b61afa304af51304d3e28135ccfebdc81c950d6f7ba44e1cd4001db3b,,,2026-06-11T18:07:18+00:00,
pdf_000502,466_handwritten.pdf,downloads/466_handwritten.pdf,downloads,raw_download,handwritten,812878,0.775,a0686c3871e5505dd927fda95b28a1e6d17665a088c8eb847f857445d448368c,,,2026-06-11T18:07:18+00:00,
pdf_000503,470_handwritten.pdf,downloads/470_handwritten.pdf,downloads,raw_download,handwritten,709426,0.677,226ae309f3fbb51d703eec932c21bc15b3e7aac75bc45b98306b537cee89f155,,,2026-06-11T18:07:18+00:00,
pdf_000504,473_handwritten.pdf,downloads/473_handwritten.pdf,downloads,raw_download,handwritten,1264344,1.206,9e55fd0ebb81859bb3842aaf9f814b9ca62a74676340302ebd59fd252e9b28a5,,,2026-06-11T18:07:18+00:00,
pdf_000505,474_handwritten.pdf,downloads/474_handwritten.pdf,downloads,raw_download,handwritten,156572,0.149,4ad42a0f75047c43ae4f12e89d4ca1874d73789c2141814f775299bff65e0fdf,,,2026-06-11T18:07:18+00:00,
pdf_000506,475_handwritten.pdf,downloads/475_handwritten.pdf,downloads,raw_download,handwritten,122756,0.117,c6bae9eb5d2d384952206b253f668a046f168c0796d7b378f9a4037dc023b63b,,,2026-06-11T18:07:18+00:00,
pdf_000507,476_handwritten.pdf,downloads/476_handwritten.pdf,downloads,raw_download,handwritten,383725,0.366,69f16c315b272b8ddb62ad0052be406f12a5aafb9f73f065b265dd4d059cbcb8,,,2026-06-11T18:07:18+00:00,
pdf_000508,477_handwritten.pdf,downloads/477_handwritten.pdf,downloads,raw_download,handwritten,229208,0.219,5668e5c42b7abb969f60f7463ba91cc16899bcc5f30912a142920570dd8af923,,,2026-06-11T18:07:18+00:00,
pdf_000509,480_handwritten.pdf,downloads/480_handwritten.pdf,downloads,raw_download,handwritten,2967286,2.830,786f348ffcf05c486c458aeaf4bc32d0a3f16fdcb8ffc0da79bbfe52c266d7e6,,,2026-06-11T18:07:18+00:00,
pdf_000510,481_handwritten.pdf,downloads/481_handwritten.pdf,downloads,raw_download,handwritten,161910,0.154,3b00c5e5f230c85a623d6e1b8b8d3712635a2350b9408ee542efa767fdd40f87,,,2026-06-11T18:07:18+00:00,
pdf_000511,484_handwritten.pdf,downloads/484_handwritten.pdf,downloads,raw_download,handwritten,1496349,1.427,42a973f13fdf1f16b23cd2d746d1879b2b7d6b56cd6a6aaf89cba762cb2eb3bd,,,2026-06-11T18:07:18+00:00,
pdf_000512,485_editable_docs.pdf,downloads/485_editable_docs.pdf,downloads,raw_download,editable_docs,5783310,5.515,7333b4433fdc9c0f60835e3be2d51ee47518261b3a27d5bd57ddf717ae4031a6,,,2026-06-11T18:07:18+00:00,
pdf_000513,485_handwritten.pdf,downloads/485_handwritten.pdf,downloads,raw_download,handwritten,4594181,4.381,227202394c0515de2a08abe1b7f3950a7bab334ff0875f055ad378202c800d4c,,,2026-06-11T18:07:18+00:00,
pdf_000514,486_editable_docs.pdf,downloads/486_editable_docs.pdf,downloads,raw_download,editable_docs,208445,0.199,4e64731be43b785c62038345aa00e435a061820dd972d7964023be77320c8947,,,2026-06-11T18:07:18+00:00,
pdf_000515,487_editable_docs.pdf,downloads/487_editable_docs.pdf,downloads,raw_download,editable_docs,273368,0.261,c9ed090b7f3eebfdd655960ec1f3df1c6918bead93004a124923aa538864a3cd,,,2026-06-11T18:07:18+00:00,
pdf_000516,488_editable_docs.pdf,downloads/488_editable_docs.pdf,downloads,raw_download,editable_docs,129922,0.124,814821a280615b67c4ec81b676543fbdbf90262d649ff6a815230b50fb3db5df,,,2026-06-11T18:07:18+00:00,
pdf_000517,001_handwritten-like.pdf,downloads/pradeep_targeted/001_handwritten-like.pdf,downloads,raw_download,handwritten,299889,0.286,165e9ce890d0a6ea62763ec6631dfcd29f3e9aaa7d7aa2ee106832961cfd9d12,,,2026-06-11T18:07:18+00:00,
pdf_000518,002_handwritten-like.pdf,downloads/pradeep_targeted/002_handwritten-like.pdf,downloads,raw_download,handwritten,168444,0.161,4343dcbb8710b97dd289962d5d800848d1457bd91b96e9d24feecd9cebf46a39,,,2026-06-11T18:07:18+00:00,
pdf_000519,004_handwritten-like.pdf,downloads/pradeep_targeted/004_handwritten-like.pdf,downloads,raw_download,handwritten,118000,0.113,1fe953ad658daa8ed4d9a4d2df25c4708f8461cce192737837646b410c6b007f,,,2026-06-11T18:07:18+00:00,
pdf_000520,005_handwritten-like.pdf,downloads/pradeep_targeted/005_handwritten-like.pdf,downloads,raw_download,handwritten,3626502,3.459,6c2d67914cebc2e5a0110d19fb62dded934352ce9664d9bd32fdece989b346a8,,,2026-06-11T18:07:18+00:00,
pdf_000521,006_handwritten-like.pdf,downloads/pradeep_targeted/006_handwritten-like.pdf,downloads,raw_download,handwritten,3745891,3.572,f4fc45bff3eba26e5f66714f3746de65e281a1bc7eda2cf312ebc57b4d7ece47,,,2026-06-11T18:07:18+00:00,
pdf_000522,007_handwritten-like.pdf,downloads/pradeep_targeted/007_handwritten-like.pdf,downloads,raw_download,handwritten,248759,0.237,ece6cf9cf5d8cd1243bef54d3f199456c38c88b01816cac66b7b83440b855bbf,,,2026-06-11T18:07:18+00:00,
pdf_000523,008_handwritten-like.pdf,downloads/pradeep_targeted/008_handwritten-like.pdf,downloads,raw_download,handwritten,2459598,2.346,102ee3196fb1d6ba4195c852df572058e78a7117bf42d8920d43abe00bb0b6c7,,,2026-06-11T18:07:18+00:00,
pdf_000524,010_handwritten-like.pdf,downloads/pradeep_targeted/010_handwritten-like.pdf,downloads,raw_download,handwritten,545949,0.521,3a215bcdfa4072d8cd03f10ef114e9d55449ae36f3b0b9d9a7cc798dae94ece0,,,2026-06-11T18:07:18+00:00,
pdf_000525,011_handwritten-like.pdf,downloads/pradeep_targeted/011_handwritten-like.pdf,downloads,raw_download,handwritten,8162911,7.785,c3395b9f3f254dc9e959d2a24b55bea75343f3595ef45e73edb8e90058991b09,,,2026-06-11T18:07:18+00:00,
pdf_000526,012_handwritten-like.pdf,downloads/pradeep_targeted/012_handwritten-like.pdf,downloads,raw_download,handwritten,79961,0.076,477d02e9914b4daf32c6ece3f19e64f515009beccba4e304b275daa2f22cd674,,,2026-06-11T18:07:18+00:00,
pdf_000527,013_handwritten-like.pdf,downloads/pradeep_targeted/013_handwritten-like.pdf,downloads,raw_download,handwritten,186680,0.178,5b9151c0c2d9426dc23e3e8c64272d0d6c4d3be588d441654c97f9f478bb8c3d,,,2026-06-11T18:07:18+00:00,
pdf_000528,014_handwritten-like.pdf,downloads/pradeep_targeted/014_handwritten-like.pdf,downloads,raw_download,handwritten,227176,0.217,509e801b01a5da0e2d22d8d840aef350fc3e1cb284b3e0bab16274272bb54e96,,,2026-06-11T18:07:18+00:00,
pdf_000529,016_handwritten-like.pdf,downloads/pradeep_targeted/016_handwritten-like.pdf,downloads,raw_download,handwritten,144946,0.138,47fb6ec5e1d2f809ff0623f70d0d2f319d070a208a317e3f6c1afc381b11b9c5,,,2026-06-11T18:07:18+00:00,
pdf_000530,019_handwritten-like.pdf,downloads/pradeep_targeted/019_handwritten-like.pdf,downloads,raw_download,handwritten,419787,0.400,c7653e128ad6af3f64b125033e52583926e47802a4b448f1a4efab4e517f896e,,,2026-06-11T18:07:18+00:00,
pdf_000531,020_handwritten-like.pdf,downloads/pradeep_targeted/020_handwritten-like.pdf,downloads,raw_download,handwritten,343887,0.328,22c8aaa0eb104b3d3d1b43cb84bb1ed925469868444791c984c4fd544796fb40,,,2026-06-11T18:07:18+00:00,
pdf_000532,021_handwritten-like.pdf,downloads/pradeep_targeted/021_handwritten-like.pdf,downloads,raw_download,handwritten,5148349,4.910,75f461f67a505336c9776af5fd399dfb742e5e181dbc263be299b9a85efca859,,,2026-06-11T18:07:18+00:00,
pdf_000533,022_handwritten-like.pdf,downloads/pradeep_targeted/022_handwritten-like.pdf,downloads,raw_download,handwritten,293854,0.280,f1f9b4c1db5993d33a9acf7816bf800617757a76d166dd2efdecf26df09cb098,,,2026-06-11T18:07:18+00:00,
pdf_000534,023_handwritten-like.pdf,downloads/pradeep_targeted/023_handwritten-like.pdf,downloads,raw_download,handwritten,79545,0.076,eef84ed2d35a13efadbc5b39feefa2f2ddbce85789b98d72641d3f6c30ed13d6,,,2026-06-11T18:07:18+00:00,
pdf_000535,024_handwritten-like.pdf,downloads/pradeep_targeted/024_handwritten-like.pdf,downloads,raw_download,handwritten,162533,0.155,c35e002f4a7f3f597977c71e61a3840049059f649ee7ca9999f006ae59fa20c5,,,2026-06-11T18:07:18+00:00,
pdf_000536,025_handwritten-like.pdf,downloads/pradeep_targeted/025_handwritten-like.pdf,downloads,raw_download,handwritten,31889,0.030,1ddfa9ee795bc5575a05b7402ae23e6c42c2df63b32d97f75a327a4c40a3317e,,,2026-06-11T18:07:18+00:00,
pdf_000537,026_handwritten-like.pdf,downloads/pradeep_targeted/026_handwritten-like.pdf,downloads,raw_download,handwritten,334472,0.319,45801360ab71e808e6eec3b9755e89a1e0e85a7a49d5c23981b20013f9619494,,,2026-06-11T18:07:18+00:00,
pdf_000538,027_handwritten-like.pdf,downloads/pradeep_targeted/027_handwritten-like.pdf,downloads,raw_download,handwritten,609762,0.582,f458f086ed1877648a3d46ebf4f9ac2b099d75bf0cb0ae9a6ff432a09f30f732,,,2026-06-11T18:07:18+00:00,
pdf_000539,028_handwritten-like.pdf,downloads/pradeep_targeted/028_handwritten-like.pdf,downloads,raw_download,handwritten,87780,0.084,aeade2d879d00ff934e9907b537227166bdca5e0984b0d3fa5b5964271b3d3f8,,,2026-06-11T18:07:18+00:00,
pdf_000540,030_handwritten-like.pdf,downloads/pradeep_targeted/030_handwritten-like.pdf,downloads,raw_download,handwritten,709622,0.677,1d053d0f8b7a3136a1785e0b528b7124f4861e910390dc660eaee5f04a2fef33,,,2026-06-11T18:07:18+00:00,
pdf_000541,050_official_dense.pdf,downloads/pradeep_targeted/050_official_dense.pdf,downloads,raw_download,official_dense,238500,0.227,ed44af1f11bc3bea3d72f9f764c2a931dc5e11cf92878156f3ab51fb3e6b7ce1,,,2026-06-11T18:07:18+00:00,
pdf_000542,051_official_dense.pdf,downloads/pradeep_targeted/051_official_dense.pdf,downloads,raw_download,official_dense,144766,0.138,542fde74c84df1394901382b0aeb4f8ed4af357afa1b4a56fd78d1d28010c206,,,2026-06-11T18:07:18+00:00,
pdf_000543,052_official_dense.pdf,downloads/pradeep_targeted/052_official_dense.pdf,downloads,raw_download,official_dense,928062,0.885,809a80468553ad02c5262494c29d4e27c6b118308e80666d47b1f78d8d5cf76f,,,2026-06-11T18:07:18+00:00,
pdf_000544,053_official_dense.pdf,downloads/pradeep_targeted/053_official_dense.pdf,downloads,raw_download,official_dense,353466,0.337,1803a7997aee3cb2d71382818337f6972f4c9893aeaf1a6a8148be62db1be1b1,,,2026-06-11T18:07:18+00:00,
pdf_000545,054_official_dense.pdf,downloads/pradeep_targeted/054_official_dense.pdf,downloads,raw_download,official_dense,323361,0.308,f04f095fc10289e00b39be6a561a1c6c2aef1bb20ff933ed66288ad4fc4d0946,,,2026-06-11T18:07:18+00:00,
pdf_000546,055_official_dense.pdf,downloads/pradeep_targeted/055_official_dense.pdf,downloads,raw_download,official_dense,1572884,1.500,701fc1ea032e02a87146511af033908a164f17736def5b03fb31298cfb9d3b2e,,,2026-06-11T18:07:18+00:00,
pdf_000547,056_official_dense.pdf,downloads/pradeep_targeted/056_official_dense.pdf,downloads,raw_download,official_dense,122051,0.116,5bac0ac10b03a89c8275c0db780081507e2c5cca60b0cf770fcffd4e7c4c00d3,,,2026-06-11T18:07:18+00:00,
pdf_000548,057_official_dense.pdf,downloads/pradeep_targeted/057_official_dense.pdf,downloads,raw_download,official_dense,258685,0.247,55e116ebe0d478542dd00c0332fe56cdf5ae7e8943f59ded22f2f821afdadc27,,,2026-06-11T18:07:18+00:00,
pdf_000549,058_official_dense.pdf,downloads/pradeep_targeted/058_official_dense.pdf,downloads,raw_download,official_dense,144221,0.138,ced4ba15834a3eb8f9d2d2a356ca77979202e6c4d4d6a11dceab4916cd3d29d1,,,2026-06-11T18:07:18+00:00,
pdf_000550,059_official_dense.pdf,downloads/pradeep_targeted/059_official_dense.pdf,downloads,raw_download,official_dense,256926,0.245,3610ea4c16efa65289e9bda65e3084a652940ee15c4060bc3a3b551f5c0ee53c,,,2026-06-11T18:07:18+00:00,
pdf_000551,060_official_dense.pdf,downloads/pradeep_targeted/060_official_dense.pdf,downloads,raw_download,official_dense,364404,0.348,3ea413a76b5b22d19410dfb704100579e59b71d7400985bae33dd0db34df06da,,,2026-06-11T18:07:18+00:00,
pdf_000552,062_official_dense.pdf,downloads/pradeep_targeted/062_official_dense.pdf,downloads,raw_download,official_dense,466467,0.445,c6e0880a416140b884562f7f6f371d76745331707b170eca91a2619d16c3de6b,,,2026-06-11T18:07:18+00:00,
pdf_000553,063_official_dense.pdf,downloads/pradeep_targeted/063_official_dense.pdf,downloads,raw_download,official_dense,98452,0.094,5afc9bbf64ecaeec5b30209f9b6aa79d1056e4f213ba05999e42c5285f3be84f,,,2026-06-11T18:07:18+00:00,
pdf_000554,064_official_dense.pdf,downloads/pradeep_targeted/064_official_dense.pdf,downloads,raw_download,official_dense,235011,0.224,c7fcbb1005c8c3d4b2c225db1c7a21f18d6d0e7fb728f95146c744ffe7fa377e,,,2026-06-11T18:07:18+00:00,
pdf_000555,065_official_dense.pdf,downloads/pradeep_targeted/065_official_dense.pdf,downloads,raw_download,official_dense,1572822,1.500,53615e996f195938b079c3cef5d0cf87cff48f392ba09291f5718d6cff51d29d,,,2026-06-11T18:07:18+00:00,
pdf_000556,066_official_dense.pdf,downloads/pradeep_targeted/066_official_dense.pdf,downloads,raw_download,official_dense,516720,0.493,3b4bb65db141ff4b27cf3828164a7c041b2c9bb0d7fca0550b11208698f6ba2b,,,2026-06-11T18:07:18+00:00,
pdf_000557,067_official_dense.pdf,downloads/pradeep_targeted/067_official_dense.pdf,downloads,raw_download,official_dense,5290979,5.046,7526d59b376a9ae497ef2a4a4212eba7ab1a289f69d43b21ddb9921750f02e72,,,2026-06-11T18:07:18+00:00,
pdf_000558,068_official_dense.pdf,downloads/pradeep_targeted/068_official_dense.pdf,downloads,raw_download,official_dense,1027448,0.980,5fe759c54ea377134df9b1e1f27a6e6d3f8b4e6e0f1eb5078e2f15b7b3416126,,,2026-06-11T18:07:18+00:00,
pdf_000559,069_official_dense.pdf,downloads/pradeep_targeted/069_official_dense.pdf,downloads,raw_download,official_dense,1254605,1.196,b16fbe325cc2208d90a522bfb1c626c0a4d76a07b1f7a9f67495aafe06dda08a,,,2026-06-11T18:07:18+00:00,
pdf_000560,070_official_dense.pdf,downloads/pradeep_targeted/070_official_dense.pdf,downloads,raw_download,official_dense,5367383,5.119,786381e467abc48f18d73fe34d3da888ca7a2188af4277e36e36309c50ff3645,,,2026-06-11T18:07:18+00:00,
pdf_000561,071_official_dense.pdf,downloads/pradeep_targeted/071_official_dense.pdf,downloads,raw_download,official_dense,356981,0.340,848d48921518d47545944a13c18b6a9f8636bb8768d6667a4697c80cfbb35277,,,2026-06-11T18:07:18+00:00,
pdf_000562,072_official_dense.pdf,downloads/pradeep_targeted/072_official_dense.pdf,downloads,raw_download,official_dense,1137418,1.085,4b99b5991e237999387be24a0af6254186541e88cfb2650e94d746e665565226,,,2026-06-11T18:07:18+00:00,
pdf_000563,073_official_dense.pdf,downloads/pradeep_targeted/073_official_dense.pdf,downloads,raw_download,official_dense,6830110,6.514,d77880b1a638d0fc6aea8a78ea2f4bb541224f7d59e6b8cad0acd173023d6826,,,2026-06-11T18:07:18+00:00,
pdf_000564,074_official_dense.pdf,downloads/pradeep_targeted/074_official_dense.pdf,downloads,raw_download,official_dense,31377373,29.924,65e89534ef51deed5060540e45d6fbd2b5ab404e045b29994545ca9a39ac8f09,,,2026-06-11T18:07:18+00:00,
pdf_000565,075_official_dense.pdf,downloads/pradeep_targeted/075_official_dense.pdf,downloads,raw_download,official_dense,882771,0.842,b4a4757c83966dbccea079877e5c41654dadfd8064584354a4d2454715329522,,,2026-06-11T18:07:18+00:00,
pdf_000566,076_official_dense.pdf,downloads/pradeep_targeted/076_official_dense.pdf,downloads,raw_download,official_dense,431820,0.412,4a40a2383e5a85a2784eed939f3dc07c4b5645c4fca240fdded135ca98d12615,,,2026-06-11T18:07:18+00:00,
pdf_000567,077_official_dense.pdf,downloads/pradeep_targeted/077_official_dense.pdf,downloads,raw_download,official_dense,295148,0.281,d50c6c13827365a04c0951fd53d7c1a03200125aca75a1e5e95fa40c802f51bc,,,2026-06-11T18:07:18+00:00,
pdf_000568,078_official_dense.pdf,downloads/pradeep_targeted/078_official_dense.pdf,downloads,raw_download,official_dense,1008608,0.962,1738fad6f87c31f5c20f2066eb133aebb692b765e033eef883f97580ebbb5e32,,,2026-06-11T18:07:18+00:00,
pdf_000569,079_official_dense.pdf,downloads/pradeep_targeted/079_official_dense.pdf,downloads,raw_download,official_dense,574793,0.548,46bc3ed50b775419aef4d99478dd9cb2caa04829c9688b7e6bc41e9ef04a651e,,,2026-06-11T18:07:18+00:00,
pdf_000570,080_official_dense.pdf,downloads/pradeep_targeted/080_official_dense.pdf,downloads,raw_download,official_dense,1071476,1.022,3d11dbfcc1a5ffe195472543adc4e5e9071f333762217279dbbe8dc1c800911d,,,2026-06-11T18:07:18+00:00,
pdf_000571,081_official_dense.pdf,downloads/pradeep_targeted/081_official_dense.pdf,downloads,raw_download,official_dense,13514437,12.888,1535b7a90c527c6d09c0e480e68741b6385b314a71238460b15468a75d5f8714,,,2026-06-11T18:07:18+00:00,
pdf_000572,082_official_dense.pdf,downloads/pradeep_targeted/082_official_dense.pdf,downloads,raw_download,official_dense,10363845,9.884,48a9552e2c94092090bb7fac7a8036bd7d7dd6c5b04425447d0845c4b66adb2f,,,2026-06-11T18:07:18+00:00,
pdf_000573,083_official_dense.pdf,downloads/pradeep_targeted/083_official_dense.pdf,downloads,raw_download,official_dense,6077307,5.796,183c1a73a57fa11e9db4e50ae8cc0848fdc7ef5e64d7715cb979522bff109c24,,,2026-06-11T18:07:18+00:00,
pdf_000574,084_official_dense.pdf,downloads/pradeep_targeted/084_official_dense.pdf,downloads,raw_download,official_dense,892829,0.851,577851faef5b4ba38fe5129f30cbddb4b34cdfa0e92bcfa96e91fc1817e6f1f8,,,2026-06-11T18:07:18+00:00,
pdf_000575,085_official_dense.pdf,downloads/pradeep_targeted/085_official_dense.pdf,downloads,raw_download,official_dense,380961,0.363,5f988f91e1e8ad81c5f96e4b5e76b11d1b09c9b232ef233c553e37b714e230a8,,,2026-06-11T18:07:18+00:00,
pdf_000576,086_official_dense.pdf,downloads/pradeep_targeted/086_official_dense.pdf,downloads,raw_download,official_dense,2024346,1.931,fba9a3d616083c42279687583690dedc84ec2d49933985c75a45ee7f5166043c,,,2026-06-11T18:07:18+00:00,
pdf_000577,087_official_dense.pdf,downloads/pradeep_targeted/087_official_dense.pdf,downloads,raw_download,official_dense,660689,0.630,1ee3f6821af53c195266b39efa69e330c6ae0b4662e88c13e4e0aecce7b83c02,,,2026-06-11T18:07:18+00:00,
pdf_000578,088_official_dense.pdf,downloads/pradeep_targeted/088_official_dense.pdf,downloads,raw_download,official_dense,673432,0.642,1af8647276f0484a8ee3bacc17cbfd7b895894c815803ac84b95bc9687d10496,,,2026-06-11T18:07:18+00:00,
pdf_000579,089_official_dense.pdf,downloads/pradeep_targeted/089_official_dense.pdf,downloads,raw_download,official_dense,702689,0.670,ec8822debc7dcf5bda10f8ef90659eb41532b130d78649b499a07f5153194825,,,2026-06-11T18:07:18+00:00,
pdf_000580,090_official_dense.pdf,downloads/pradeep_targeted/090_official_dense.pdf,downloads,raw_download,official_dense,249958,0.238,ca8d96aafed7926ad38338c7d14133e156e02c7439d57c31a5f8ba8c2dc9a091,,,2026-06-11T18:07:18+00:00,
pdf_000581,091_official_dense.pdf,downloads/pradeep_targeted/091_official_dense.pdf,downloads,raw_download,official_dense,393399,0.375,5b412f7459f62d6fecad19650e5d07db5f1d1d63f8a4e07ae4e5a003c687377b,,,2026-06-11T18:07:18+00:00,
pdf_000582,092_official_dense.pdf,downloads/pradeep_targeted/092_official_dense.pdf,downloads,raw_download,official_dense,794518,0.758,5d1c91bdf6b268e039346fdb2ec08569032ff70a6edc048d617b73efaf657db4,,,2026-06-11T18:07:18+00:00,
pdf_000583,093_printed_dense.pdf,downloads/pradeep_targeted/093_printed_dense.pdf,downloads,raw_download,printed_dense,246318,0.235,bde40fe39bd249416b2fe6ffb5eb609434d677fa853cf0d1535157e0033ebfbe,,,2026-06-11T18:07:18+00:00,
pdf_000584,106_printed_dense.pdf,downloads/pradeep_targeted/106_printed_dense.pdf,downloads,raw_download,printed_dense,479308,0.457,d247d53dbf1e9c00394636d56dc8a07b8b4680f87d4c651b2b0c8876854212bb,,,2026-06-11T18:07:18+00:00,
pdf_000585,107_printed_dense.pdf,downloads/pradeep_targeted/107_printed_dense.pdf,downloads,raw_download,printed_dense,187677,0.179,cc6641996fd138929784272d0de9aeeb62b5c192b07763ade985188bc345c1cb,,,2026-06-11T18:07:18+00:00,
pdf_000586,108_printed_dense.pdf,downloads/pradeep_targeted/108_printed_dense.pdf,downloads,raw_download,printed_dense,326452,0.311,747cbc7290df68bab19c914c747922bc2d264b05513207c6cd1e627b40c55291,,,2026-06-11T18:07:18+00:00,
pdf_000587,109_printed_dense.pdf,downloads/pradeep_targeted/109_printed_dense.pdf,downloads,raw_download,printed_dense,458317,0.437,9b0ca70a1888c967049adcda9e2e646577a5e3fa6fcafa2b6e4deccc0e13cdee,,,2026-06-11T18:07:18+00:00,
pdf_000588,110_printed_dense.pdf,downloads/pradeep_targeted/110_printed_dense.pdf,downloads,raw_download,printed_dense,134856,0.129,b4d62904a7d0937e46fe2bf3397645be95ce4208429ccc19f772cd9df7e22c0d,,,2026-06-11T18:07:18+00:00,
pdf_000589,111_printed_dense.pdf,downloads/pradeep_targeted/111_printed_dense.pdf,downloads,raw_download,printed_dense,179158,0.171,1ee7ba892688db2f9a814f69cd370c494ed1c9a85bd9e39c802c061dd7511d67,,,2026-06-11T18:07:18+00:00,
pdf_000590,112_printed_dense.pdf,downloads/pradeep_targeted/112_printed_dense.pdf,downloads,raw_download,printed_dense,161717,0.154,0a39874dab7941802f322d69d2220ebaf1221283c310972df23a2ed72c9dcb2e,,,2026-06-11T18:07:18+00:00,
pdf_000591,115_printed_dense.pdf,downloads/pradeep_targeted/115_printed_dense.pdf,downloads,raw_download,printed_dense,40078028,38.221,8de937d3d87c34aba84f6a08fe9c5db9be6a99caa1f807df11f43c480b7e8c0e,,,2026-06-11T18:07:18+00:00,
pdf_000592,116_printed_dense.pdf,downloads/pradeep_targeted/116_printed_dense.pdf,downloads,raw_download,printed_dense,311740,0.297,1a3e650249b7623f4ea27b974fff92e7a12560d6d27cba4c3213b37f9e318c95,,,2026-06-11T18:07:18+00:00,
pdf_000593,117_printed_dense.pdf,downloads/pradeep_targeted/117_printed_dense.pdf,downloads,raw_download,printed_dense,15311503,14.602,0a5b5bb855c8b82b4b7943f538ae7f3c4e5975f51b5d28a3183c19eb01be08b6,,,2026-06-11T18:07:18+00:00,
pdf_000594,120_printed_dense.pdf,downloads/pradeep_targeted/120_printed_dense.pdf,downloads,raw_download,printed_dense,883855,0.843,9998f4eac48ad7c384542d81926be7e3c8559833a13126038de7a26cf92ef7b3,,,2026-06-11T18:07:18+00:00,
pdf_000595,121_printed_dense.pdf,downloads/pradeep_targeted/121_printed_dense.pdf,downloads,raw_download,printed_dense,467617,0.446,e86a7bbfe76ba3c662555f670a3891c49e9fbde8845e9c6a2f65827819b4680e,,,2026-06-11T18:07:18+00:00,
pdf_000596,126_printed_dense.pdf,downloads/pradeep_targeted/126_printed_dense.pdf,downloads,raw_download,printed_dense,2758675,2.631,304f3e0156c10464bddae661607ef550ddd7b403eb02b88848cd4e252f9999db,,,2026-06-11T18:07:18+00:00,
pdf_000597,127_printed_dense.pdf,downloads/pradeep_targeted/127_printed_dense.pdf,downloads,raw_download,printed_dense,442443,0.422,6b048417acb745206340329b67227d2b0208cc629441d85546c2e1873e8c2e55,,,2026-06-11T18:07:18+00:00,
pdf_000598,128_printed_dense.pdf,downloads/pradeep_targeted/128_printed_dense.pdf,downloads,raw_download,printed_dense,3492689,3.331,6830ea644bd0a16025721f3cb84cbf6a6d7a85181775eeae523839574da9e8c8,,,2026-06-11T18:07:18+00:00,
pdf_000599,129_printed_dense.pdf,downloads/pradeep_targeted/129_printed_dense.pdf,downloads,raw_download,printed_dense,1002813,0.956,9b362dc2dcb87079a53088baf03a6a9571d5a170c60370669b7df92d094b2f94,,,2026-06-11T18:07:18+00:00,
pdf_000600,130_printed_dense.pdf,downloads/pradeep_targeted/130_printed_dense.pdf,downloads,raw_download,printed_dense,2791276,2.662,415a9486fe18f983e36b4e7cb4da0fb3b236b7cbd6356a5d07768df20ea27f8d,,,2026-06-11T18:07:18+00:00,
pdf_000601,131_printed_dense.pdf,downloads/pradeep_targeted/131_printed_dense.pdf,downloads,raw_download,printed_dense,1208828,1.153,455ef19dcf4d3777efe5307105d19c7925236b78e70366f316a50fe8c60a5d76,,,2026-06-11T18:07:18+00:00,
pdf_000602,132_printed_dense.pdf,downloads/pradeep_targeted/132_printed_dense.pdf,downloads,raw_download,printed_dense,1091418,1.041,676cb550a6f3e28cdc17be20e3527cb826e593c6b05cc05bb0de7f4208ca4c1d,,,2026-06-11T18:07:18+00:00,
pdf_000603,135_printed_dense.pdf,downloads/pradeep_targeted/135_printed_dense.pdf,downloads,raw_download,printed_dense,263841,0.252,e875a2b075d9a7c1f4f70f2593cc4e5637456ecf48e54267d42b7882cf321763,,,2026-06-11T18:07:18+00:00,
pdf_000604,137_printed_dense.pdf,downloads/pradeep_targeted/137_printed_dense.pdf,downloads,raw_download,printed_dense,2095397,1.998,e864afc734576fb2bc1d8dd570c83a941592d04fda4d9cee6087a1918604d5f4,,,2026-06-11T18:07:18+00:00,
pdf_000605,138_printed_dense.pdf,downloads/pradeep_targeted/138_printed_dense.pdf,downloads,raw_download,printed_dense,3886600,3.707,80cf078d8948eead1c25c50cbf6f07a4b1d274ff2de62e4b8c27858094352140,,,2026-06-11T18:07:18+00:00,
pdf_000606,139_printed_dense.pdf,downloads/pradeep_targeted/139_printed_dense.pdf,downloads,raw_download,printed_dense,518262,0.494,10c832b68c9b2c53f11c3d3786faa97503f82a602fbc44a1625f3ee8c17fac2f,,,2026-06-11T18:07:18+00:00,
pdf_000607,140_printed_dense.pdf,downloads/pradeep_targeted/140_printed_dense.pdf,downloads,raw_download,printed_dense,207150,0.198,53210d8f2b159e718039e7311a6be2bd7d25147716382a930966049acd8e89b2,,,2026-06-11T18:07:18+00:00,
pdf_000608,141_printed_dense.pdf,downloads/pradeep_targeted/141_printed_dense.pdf,downloads,raw_download,printed_dense,12562582,11.981,b7e08803641992d99a3ec5e6ccf36e18b27afc0ef982b9973ae770e0ed5ee8d0,,,2026-06-11T18:07:18+00:00,
pdf_000609,143_printed_dense.pdf,downloads/pradeep_targeted/143_printed_dense.pdf,downloads,raw_download,printed_dense,567136,0.541,6f82200108a5ed1b1bbb47888b086757d7757b1d5c97389b3a46c0d221cf7475,,,2026-06-11T18:07:18+00:00,
pdf_000610,144_printed_dense.pdf,downloads/pradeep_targeted/144_printed_dense.pdf,downloads,raw_download,printed_dense,391474,0.373,16b83c89c02be39746ff89b3f439d22e62dce7f501dee02208d712d2076fbf62,,,2026-06-11T18:07:18+00:00,
pdf_000611,145_printed_dense.pdf,downloads/pradeep_targeted/145_printed_dense.pdf,downloads,raw_download,printed_dense,337831,0.322,b45d531c992fecb721fdaa29c598d3e6e602dbfc73b9a739b950c70e6a2d1f84,,,2026-06-11T18:07:18+00:00,
pdf_000612,146_printed_dense.pdf,downloads/pradeep_targeted/146_printed_dense.pdf,downloads,raw_download,printed_dense,403765,0.385,084674cbf02f1dc223927d3c4d73d03e9e975a1cac2020c3e08c40362fad0769,,,2026-06-11T18:07:18+00:00,
pdf_000613,147_printed_dense.pdf,downloads/pradeep_targeted/147_printed_dense.pdf,downloads,raw_download,printed_dense,844425,0.805,4c2481ea3016828fcc8ae36e1039c309f141fe2e1fa10fe9977fe38f64d68cab,,,2026-06-11T18:07:18+00:00,
pdf_000614,148_printed_dense.pdf,downloads/pradeep_targeted/148_printed_dense.pdf,downloads,raw_download,printed_dense,473339,0.451,c3e7cc547c5d4dfe13285581843d086375254591503354aae5ffd1904bbec5ce,,,2026-06-11T18:07:18+00:00,
pdf_000615,149_printed_dense.pdf,downloads/pradeep_targeted/149_printed_dense.pdf,downloads,raw_download,printed_dense,566299,0.540,8a656326eba9bb64a3752dc3fe1e96e9d179940e54b35b5b07780b2d8bbd99ad,,,2026-06-11T18:07:18+00:00,
pdf_000616,150_printed_dense.pdf,downloads/pradeep_targeted/150_printed_dense.pdf,downloads,raw_download,printed_dense,1868681,1.782,4db9452e662bf61ebc42b0442dc71cdb4ac88e4852839a8b4270953e735e6f22,,,2026-06-11T18:07:18+00:00,
pdf_000617,152_printed_dense.pdf,downloads/pradeep_targeted/152_printed_dense.pdf,downloads,raw_download,printed_dense,497443,0.474,bfb454a8f5a06adbcea632fa76178dfadf2d4a244515defc0e02ea72f8fd8a45,,,2026-06-11T18:07:18+00:00,
pdf_000618,159_printed_dense.pdf,downloads/pradeep_targeted/159_printed_dense.pdf,downloads,raw_download,printed_dense,335947,0.320,b410c529b8aa73400d5c02a8baea7bfb8425336da3437ef471205d1165316e01,,,2026-06-11T18:07:18+00:00,
pdf_000619,161_printed_dense.pdf,downloads/pradeep_targeted/161_printed_dense.pdf,downloads,raw_download,printed_dense,1056622,1.008,d3a726063777e2d7fe1ee6ab9db98990eae342121b2c11831219f6734d215c74,,,2026-06-11T18:07:18+00:00,
pdf_000620,162_printed_dense.pdf,downloads/pradeep_targeted/162_printed_dense.pdf,downloads,raw_download,printed_dense,206868,0.197,43147353b0e3758777c989e87d7c2744dc2a52ff7ab6fa1d3cc6b7d0e8f2c5de,,,2026-06-11T18:07:18+00:00,
pdf_000621,002_handwritten-like_p003.pdf,downloads/pradeep_targeted_single_pages/002_handwritten-like_p003.pdf,downloads,raw_download,handwritten,54048,0.052,ffaa67e1dcba650ceb251e26f2ac8eee35a852260f7b88449a66d040a19c0ae0,,,2026-06-11T18:07:18+00:00,
pdf_000622,005_handwritten-like_p005.pdf,downloads/pradeep_targeted_single_pages/005_handwritten-like_p005.pdf,downloads,raw_download,handwritten,95390,0.091,b2cf33e9a5a151a28eebdc57daffafbaf4e6d9b73be30cc71b9446af8524a0df,,,2026-06-11T18:07:18+00:00,
pdf_000623,005_handwritten-like_p006.pdf,downloads/pradeep_targeted_single_pages/005_handwritten-like_p006.pdf,downloads,raw_download,handwritten,150831,0.144,505487fde482be24135a5091a97916ce5823dc62aa475b3774eaf8e81c236899,,,2026-06-11T18:07:18+00:00,
pdf_000624,005_handwritten-like_p007.pdf,downloads/pradeep_targeted_single_pages/005_handwritten-like_p007.pdf,downloads,raw_download,handwritten,150714,0.144,d3b920f57e113eb2c5d9a8681de99e324962e1c4b15c7ee8a991b4b3769e2b8a,,,2026-06-11T18:07:18+00:00,
pdf_000625,006_handwritten-like_p004.pdf,downloads/pradeep_targeted_single_pages/006_handwritten-like_p004.pdf,downloads,raw_download,handwritten,43782,0.042,cc7c0c808255d7a7e4ea98bc63014b0b08c2c9c1124d808fbdba6633e8054365,,,2026-06-11T18:07:18+00:00,
pdf_000626,007_handwritten-like_p001.pdf,downloads/pradeep_targeted_single_pages/007_handwritten-like_p001.pdf,downloads,raw_download,handwritten,154711,0.148,5521868e53fd706635f9d3607524d9c0aec468dce405c0503527a74bc0447b56,,,2026-06-11T18:07:18+00:00,
pdf_000627,007_handwritten-like_p002.pdf,downloads/pradeep_targeted_single_pages/007_handwritten-like_p002.pdf,downloads,raw_download,handwritten,228294,0.218,5817e8ed1caedfad2ff93f681b72e1a58f376f5d6e2cf7ded1661685f23529ec,,,2026-06-11T18:07:18+00:00,
pdf_000628,008_handwritten-like_p004.pdf,downloads/pradeep_targeted_single_pages/008_handwritten-like_p004.pdf,downloads,raw_download,handwritten,255563,0.244,c76933c08b561f9a57507cc186f744357ad3fce9de033a42c48d3d03f5665882,,,2026-06-11T18:07:18+00:00,
pdf_000629,008_handwritten-like_p010.pdf,downloads/pradeep_targeted_single_pages/008_handwritten-like_p010.pdf,downloads,raw_download,handwritten,257974,0.246,eb3fc8b9ff4471bd6e357c4eccfd8055783e8e7f29ca9db3da45eae1527519e7,,,2026-06-11T18:07:18+00:00,
pdf_000630,008_handwritten-like_p011.pdf,downloads/pradeep_targeted_single_pages/008_handwritten-like_p011.pdf,downloads,raw_download,handwritten,256568,0.245,f87e4b00e2655383c8780851df54548a61c3d2f5b0c4d827c5e581286f91c075,,,2026-06-11T18:07:18+00:00,
pdf_000631,008_handwritten-like_p012.pdf,downloads/pradeep_targeted_single_pages/008_handwritten-like_p012.pdf,downloads,raw_download,handwritten,257233,0.245,731ff188d66227694845368935395957654433ae79e6b111837ac743a0454d97,,,2026-06-11T18:07:18+00:00,
pdf_000632,010_handwritten-like_p003.pdf,downloads/pradeep_targeted_single_pages/010_handwritten-like_p003.pdf,downloads,raw_download,handwritten,154944,0.148,3cc8ec8d149fbd3317b35c689c0a3ad547984781360083ee1d390bf3b73f953b,,,2026-06-11T18:07:18+00:00,
pdf_000633,010_handwritten-like_p004.pdf,downloads/pradeep_targeted_single_pages/010_handwritten-like_p004.pdf,downloads,raw_download,handwritten,154547,0.147,c5257ec1895a6487b06206e3bf4a7647bdddc32150356b33304aa9aa83827f61,,,2026-06-11T18:07:18+00:00,
pdf_000634,010_handwritten-like_p005.pdf,downloads/pradeep_targeted_single_pages/010_handwritten-like_p005.pdf,downloads,raw_download,handwritten,155486,0.148,8d59ae0d7e86bce5110c2a8fe35089087d588778488754db1b7f9dab5479af4f,,,2026-06-11T18:07:18+00:00,
pdf_000635,010_handwritten-like_p006.pdf,downloads/pradeep_targeted_single_pages/010_handwritten-like_p006.pdf,downloads,raw_download,handwritten,155405,0.148,41ca91cc1925ada6d5e127b4c832b15bb72aeeaf013bb99cea289c30a0b1a1a1,,,2026-06-11T18:07:18+00:00,
pdf_000636,010_handwritten-like_p007.pdf,downloads/pradeep_targeted_single_pages/010_handwritten-like_p007.pdf,downloads,raw_download,handwritten,155962,0.149,2ddc7fb38bc2f24e5364b9ee1b902c7ba3492e2c6bb421d3793bc09eb139ef24,,,2026-06-11T18:07:18+00:00,
pdf_000637,010_handwritten-like_p008.pdf,downloads/pradeep_targeted_single_pages/010_handwritten-like_p008.pdf,downloads,raw_download,handwritten,156647,0.149,e4f89274ddaf61684b74ad5cc9b656bf375541e5ee412c937bd3084a6c919ba7,,,2026-06-11T18:07:18+00:00,
pdf_000638,010_handwritten-like_p009.pdf,downloads/pradeep_targeted_single_pages/010_handwritten-like_p009.pdf,downloads,raw_download,handwritten,181223,0.173,46643cf33fb8ee915c246250ffa74c1a51b5c2a2ba9dc5606306f93ab697597f,,,2026-06-11T18:07:18+00:00,
pdf_000639,011_handwritten-like_p004.pdf,downloads/pradeep_targeted_single_pages/011_handwritten-like_p004.pdf,downloads,raw_download,handwritten,152973,0.146,5c5ed9225dca2853c1840a8fa59a634e60162f0820ac71e67bf567f72c5feb55,,,2026-06-11T18:07:18+00:00,
pdf_000640,011_handwritten-like_p005.pdf,downloads/pradeep_targeted_single_pages/011_handwritten-like_p005.pdf,downloads,raw_download,handwritten,109530,0.104,dcd4cba88a18781e3b6d7a4a2fdca452efc4915a233cec0a426be98681cec0fe,,,2026-06-11T18:07:18+00:00,
pdf_000641,011_handwritten-like_p006.pdf,downloads/pradeep_targeted_single_pages/011_handwritten-like_p006.pdf,downloads,raw_download,handwritten,139443,0.133,9746106219f8368e820e8c776f597c5383df2a78d9c0ece5753069d5ad4d7ae8,,,2026-06-11T18:07:18+00:00,
pdf_000642,011_handwritten-like_p007.pdf,downloads/pradeep_targeted_single_pages/011_handwritten-like_p007.pdf,downloads,raw_download,handwritten,112384,0.107,645276e70d045b329941c53a29fcd495f1583fdd3b0166629e4457af8b484fe5,,,2026-06-11T18:07:18+00:00,
pdf_000643,011_handwritten-like_p008.pdf,downloads/pradeep_targeted_single_pages/011_handwritten-like_p008.pdf,downloads,raw_download,handwritten,105491,0.101,d07e7e1557a12c9775c4027fef16e0776d95c3a49c2009e973daa137057d9aa6,,,2026-06-11T18:07:18+00:00,
pdf_000644,011_handwritten-like_p009.pdf,downloads/pradeep_targeted_single_pages/011_handwritten-like_p009.pdf,downloads,raw_download,handwritten,156139,0.149,2d7a771c6f6429fedd53b304037facca40a628eaeeee8cf7098b1f2b1f4f0ba5,,,2026-06-11T18:07:18+00:00,
pdf_000645,011_handwritten-like_p010.pdf,downloads/pradeep_targeted_single_pages/011_handwritten-like_p010.pdf,downloads,raw_download,handwritten,102505,0.098,bbd29389223502ad229636e65f5d742396a700ac4f46362f3b2bafafcd364f9d,,,2026-06-11T18:07:18+00:00,
pdf_000646,012_handwritten-like_p001.pdf,downloads/pradeep_targeted_single_pages/012_handwritten-like_p001.pdf,downloads,raw_download,handwritten,61589,0.059,abf140620c329c884d10fead14e63fe7c67665822614e26120bb178862759139,,,2026-06-11T18:07:18+00:00,
pdf_000647,012_handwritten-like_p002.pdf,downloads/pradeep_targeted_single_pages/012_handwritten-like_p002.pdf,downloads,raw_download,handwritten,58795,0.056,537ab228b0e6438ea0972e887efa5b9cf97246f428ec769c76a0c6fb68696a9e,,,2026-06-11T18:07:18+00:00,
pdf_000648,012_handwritten-like_p003.pdf,downloads/pradeep_targeted_single_pages/012_handwritten-like_p003.pdf,downloads,raw_download,handwritten,59018,0.056,13af452d12c0243592bfe40223a6f60a630403d780009bfd0be12b183b5f221a,,,2026-06-11T18:07:18+00:00,
pdf_000649,014_handwritten-like_p001.pdf,downloads/pradeep_targeted_single_pages/014_handwritten-like_p001.pdf,downloads,raw_download,handwritten,203504,0.194,654ab67a7d81e95813a0b0998e44de2b596e947384008b0d435f5b3ac5033b68,,,2026-06-11T18:07:18+00:00,
pdf_000650,014_handwritten-like_p002.pdf,downloads/pradeep_targeted_single_pages/014_handwritten-like_p002.pdf,downloads,raw_download,handwritten,195929,0.187,458e6c2a2578bb6e6beaf8a4bfce82719c04e370c2f21002acd63adf58e9da89,,,2026-06-11T18:07:18+00:00,
pdf_000651,016_handwritten-like_p002.pdf,downloads/pradeep_targeted_single_pages/016_handwritten-like_p002.pdf,downloads,raw_download,handwritten,126230,0.120,74f14cfacb5bc34fc3ef773823bc1e247e4b6002134ea6ac40556c200ee6f8bb,,,2026-06-11T18:07:18+00:00,
pdf_000652,016_handwritten-like_p003.pdf,downloads/pradeep_targeted_single_pages/016_handwritten-like_p003.pdf,downloads,raw_download,handwritten,122243,0.117,aa23813c09027cc4bd2564c31ab8710c2e28596c014b1819e3eb9a6dfd88fb23,,,2026-06-11T18:07:18+00:00,
pdf_000653,019_handwritten-like_p002.pdf,downloads/pradeep_targeted_single_pages/019_handwritten-like_p002.pdf,downloads,raw_download,handwritten,296556,0.283,fca510ac460d03bc319908f0752a36ba8ef1b65b862199683e85084318ee2bf7,,,2026-06-11T18:07:18+00:00,
pdf_000654,019_handwritten-like_p003.pdf,downloads/pradeep_targeted_single_pages/019_handwritten-like_p003.pdf,downloads,raw_download,handwritten,124791,0.119,0a6079cc6363e3a39c70349309862e9d5485c9c9a0355a06b8e76f234d5f049c,,,2026-06-11T18:07:18+00:00,
pdf_000655,020_handwritten-like_p001.pdf,downloads/pradeep_targeted_single_pages/020_handwritten-like_p001.pdf,downloads,raw_download,handwritten,217686,0.208,798b953802c08ca6a32768f098c6707e733a16a8bbbd7bd651782496a62d52c0,,,2026-06-11T18:07:18+00:00,
pdf_000656,020_handwritten-like_p004.pdf,downloads/pradeep_targeted_single_pages/020_handwritten-like_p004.pdf,downloads,raw_download,handwritten,236100,0.225,c775afefc2d05a294558b5c2bb142429d8c7e378bae5f4e0541cc355cb888774,,,2026-06-11T18:07:18+00:00,
pdf_000657,020_handwritten-like_p006.pdf,downloads/pradeep_targeted_single_pages/020_handwritten-like_p006.pdf,downloads,raw_download,handwritten,273974,0.261,ad7e48ccc4286477044717f66a3230b5b63399a9816fd8432bd196702e1eb4c5,,,2026-06-11T18:07:18+00:00,
pdf_000658,020_handwritten-like_p007.pdf,downloads/pradeep_targeted_single_pages/020_handwritten-like_p007.pdf,downloads,raw_download,handwritten,259064,0.247,846576215dfa1b6008ebee0744d86de870acedc4424fb61def795d42a0c80e00,,,2026-06-11T18:07:18+00:00,
pdf_000659,030_handwritten-like_p001.pdf,downloads/pradeep_targeted_single_pages/030_handwritten-like_p001.pdf,downloads,raw_download,handwritten,198177,0.189,dd7ed888b55ff3d010041ae6d3a390c67cbf54f2b96709fb7971d53c7315576a,,,2026-06-11T18:07:18+00:00,
pdf_000660,030_handwritten-like_p002.pdf,downloads/pradeep_targeted_single_pages/030_handwritten-like_p002.pdf,downloads,raw_download,handwritten,130786,0.125,af352c85754c87e007094f19dbd5930c2f16dc0a369258095766467f56e89d19,,,2026-06-11T18:07:18+00:00,
pdf_000661,030_handwritten-like_p008.pdf,downloads/pradeep_targeted_single_pages/030_handwritten-like_p008.pdf,downloads,raw_download,handwritten,149249,0.142,2cda769345e7d8e3992a3db3eaa988fc3e06d46188b7cb8f31590a2fef047e69,,,2026-06-11T18:07:18+00:00,
pdf_000662,030_handwritten-like_p012.pdf,downloads/pradeep_targeted_single_pages/030_handwritten-like_p012.pdf,downloads,raw_download,handwritten,163247,0.156,e878547ee1184b4a96f212d10b794df428e1d3f24c7f49993ab0dda1494d24af,,,2026-06-11T18:07:18+00:00,
pdf_000663,051_official_dense_p002.pdf,downloads/pradeep_targeted_single_pages/051_official_dense_p002.pdf,downloads,raw_download,official_dense,115641,0.110,32f72ab479ba6163b99e556eccba0e53c420c7e87267007e3cd87b3cf3567b2b,,,2026-06-11T18:07:18+00:00,
pdf_000664,053_official_dense_p001.pdf,downloads/pradeep_targeted_single_pages/053_official_dense_p001.pdf,downloads,raw_download,official_dense,169335,0.161,0ac0ad4d25201d9db5d268a81b2e6c84a43b38229b76d2d1f46baaaf96b8d44e,,,2026-06-11T18:07:18+00:00,
pdf_000665,053_official_dense_p002.pdf,downloads/pradeep_targeted_single_pages/053_official_dense_p002.pdf,downloads,raw_download,official_dense,213148,0.203,39e583099d8fb0b68b290576381449ca5be803bc017b49c79ea3b7fb3a315b00,,,2026-06-11T18:07:18+00:00,
pdf_000666,053_official_dense_p003.pdf,downloads/pradeep_targeted_single_pages/053_official_dense_p003.pdf,downloads,raw_download,official_dense,212916,0.203,2de784698d712b14f7196f68020dce2d2ac1ddf96fc4dc5409173bdd05e0aa76,,,2026-06-11T18:07:18+00:00,
pdf_000667,053_official_dense_p004.pdf,downloads/pradeep_targeted_single_pages/053_official_dense_p004.pdf,downloads,raw_download,official_dense,165408,0.158,9a91582abdf15e029e377ec4e01d4653535e7dd709335441fa30bb7b8da4c571,,,2026-06-11T18:07:18+00:00,
pdf_000668,053_official_dense_p005.pdf,downloads/pradeep_targeted_single_pages/053_official_dense_p005.pdf,downloads,raw_download,official_dense,213312,0.203,14923a08868b1af312e918b6038870dba74e54722deb4dbbf3eccd1230454d7e,,,2026-06-11T18:07:18+00:00,
pdf_000669,053_official_dense_p006.pdf,downloads/pradeep_targeted_single_pages/053_official_dense_p006.pdf,downloads,raw_download,official_dense,199335,0.190,a511fc7a82329c985256f4f685044b05114f5d9096807ad628e6807bf838c58a,,,2026-06-11T18:07:18+00:00,
pdf_000670,053_official_dense_p007.pdf,downloads/pradeep_targeted_single_pages/053_official_dense_p007.pdf,downloads,raw_download,official_dense,159198,0.152,e6c80491174bf80074607dcf1c0fd0cc24373949f8171ea4b6ea6cf1a2b56f85,,,2026-06-11T18:07:18+00:00,
pdf_000671,053_official_dense_p008.pdf,downloads/pradeep_targeted_single_pages/053_official_dense_p008.pdf,downloads,raw_download,official_dense,158971,0.152,ef85ef28830cdfc898e992c6f2fb7ca74bf96bf2a5d9d86740c7f7883d70b960,,,2026-06-11T18:07:18+00:00,
pdf_000672,053_official_dense_p009.pdf,downloads/pradeep_targeted_single_pages/053_official_dense_p009.pdf,downloads,raw_download,official_dense,158424,0.151,de27661cedc1aa378179d1ee0252812ddf71fbb65144ee3cefe357dd98a1c9a7,,,2026-06-11T18:07:18+00:00,
pdf_000673,053_official_dense_p010.pdf,downloads/pradeep_targeted_single_pages/053_official_dense_p010.pdf,downloads,raw_download,official_dense,198661,0.189,3586a0f6ca8c34080110cfd92110cbd66f3b226f006a8e94c41417160701f7fe,,,2026-06-11T18:07:18+00:00,
pdf_000674,053_official_dense_p011.pdf,downloads/pradeep_targeted_single_pages/053_official_dense_p011.pdf,downloads,raw_download,official_dense,164811,0.157,44fed6f2b96d705111d8a148c19559e28e89ed5177ab996d89f3aac2a26be2cb,,,2026-06-11T18:07:18+00:00,
pdf_000675,053_official_dense_p012.pdf,downloads/pradeep_targeted_single_pages/053_official_dense_p012.pdf,downloads,raw_download,official_dense,164897,0.157,8bbebabea55e793fa0c297d81fcd62300919c25c63b5804cca5a6adc0438925a,,,2026-06-11T18:07:18+00:00,
pdf_000676,054_official_dense_p002.pdf,downloads/pradeep_targeted_single_pages/054_official_dense_p002.pdf,downloads,raw_download,official_dense,85900,0.082,93a838d0e3e968af808f35f58aa0900c29878665798b6600a52df0637c089f41,,,2026-06-11T18:07:18+00:00,
pdf_000677,054_official_dense_p003.pdf,downloads/pradeep_targeted_single_pages/054_official_dense_p003.pdf,downloads,raw_download,official_dense,60075,0.057,c9139075faf79e8953763e4c8da4a8d7e824eb47c6dd0d75fdf736facc1904a4,,,2026-06-11T18:07:18+00:00,
pdf_000678,054_official_dense_p004.pdf,downloads/pradeep_targeted_single_pages/054_official_dense_p004.pdf,downloads,raw_download,official_dense,93160,0.089,cbcadf995112feb190d42f69318ac659149a691d0e63a76dcadc24cc0e6c168f,,,2026-06-11T18:07:18+00:00,
pdf_000679,054_official_dense_p005.pdf,downloads/pradeep_targeted_single_pages/054_official_dense_p005.pdf,downloads,raw_download,official_dense,59941,0.057,abb85e6eb3aca7286217f79cdf499a0b5d63ec1a335c1538c1b9c7edbb08370f,,,2026-06-11T18:07:18+00:00,
pdf_000680,054_official_dense_p006.pdf,downloads/pradeep_targeted_single_pages/054_official_dense_p006.pdf,downloads,raw_download,official_dense,119555,0.114,2396825520578bf31d7c507d6c7ff924811d7d916fe25557da14326223cfebe3,,,2026-06-11T18:07:18+00:00,
pdf_000681,054_official_dense_p007.pdf,downloads/pradeep_targeted_single_pages/054_official_dense_p007.pdf,downloads,raw_download,official_dense,94410,0.090,e5f05f8ac92f6ded866f48c2d87adf761b62cc0d904ffc1f9ed0792debb3fa76,,,2026-06-11T18:07:18+00:00,
pdf_000682,054_official_dense_p008.pdf,downloads/pradeep_targeted_single_pages/054_official_dense_p008.pdf,downloads,raw_download,official_dense,94244,0.090,00c78f29774224a6e578b4ac97c4797443f97c2fd1c3f5298c7f0d9564e8c46c,,,2026-06-11T18:07:18+00:00,
pdf_000683,054_official_dense_p009.pdf,downloads/pradeep_targeted_single_pages/054_official_dense_p009.pdf,downloads,raw_download,official_dense,94209,0.090,9defca43859368835a0a7b30bab1f41e1b5129848470b9d4ed43d787da50228d,,,2026-06-11T18:07:18+00:00,
pdf_000684,054_official_dense_p010.pdf,downloads/pradeep_targeted_single_pages/054_official_dense_p010.pdf,downloads,raw_download,official_dense,93723,0.089,34f85e0b73765fd2e961bda2cf22d788bcc0872f62749adbe041fbd36ef2d75a,,,2026-06-11T18:07:18+00:00,
pdf_000685,054_official_dense_p011.pdf,downloads/pradeep_targeted_single_pages/054_official_dense_p011.pdf,downloads,raw_download,official_dense,94025,0.090,af0e9218754f187e57a48aec8c50264854f09cbcbba51ce3fab6c777d05c7c68,,,2026-06-11T18:07:18+00:00,
pdf_000686,054_official_dense_p012.pdf,downloads/pradeep_targeted_single_pages/054_official_dense_p012.pdf,downloads,raw_download,official_dense,95274,0.091,b30035dd114b0d31f5bc1c2824c29ecd521e893077d4ea1acfe8ee13643150b5,,,2026-06-11T18:07:18+00:00,
pdf_000687,055_official_dense_p001.pdf,downloads/pradeep_targeted_single_pages/055_official_dense_p001.pdf,downloads,raw_download,official_dense,390627,0.373,b8bccc5b752b32ff3b8b5285c0353b837415cec1a46c5a5dbf2b94cea8f65c14,,,2026-06-11T18:07:18+00:00,
pdf_000688,055_official_dense_p002.pdf,downloads/pradeep_targeted_single_pages/055_official_dense_p002.pdf,downloads,raw_download,official_dense,210861,0.201,ca2d13982ca853d9f6adcada537aa2bb398b1ebff2df91a3a4963fcfa588bb11,,,2026-06-11T18:07:18+00:00,
pdf_000689,055_official_dense_p003.pdf,downloads/pradeep_targeted_single_pages/055_official_dense_p003.pdf,downloads,raw_download,official_dense,211016,0.201,fc5e54ff534c02398d804bbeb3201e5e1cd5ea511ec2c1e52aba9c31a4cbe4ca,,,2026-06-11T18:07:18+00:00,
pdf_000690,055_official_dense_p004.pdf,downloads/pradeep_targeted_single_pages/055_official_dense_p004.pdf,downloads,raw_download,official_dense,211387,0.202,8be9a8d4f7a10a79b6955abb57ca52de9821a1e2f69a0e30ddad8fa36865b3fd,,,2026-06-11T18:07:18+00:00,
pdf_000691,055_official_dense_p005.pdf,downloads/pradeep_targeted_single_pages/055_official_dense_p005.pdf,downloads,raw_download,official_dense,215739,0.206,09b4645854420e8e3ee70baaece34f954a32ab91eb9a4d76578353322111fec0,,,2026-06-11T18:07:18+00:00,
pdf_000692,055_official_dense_p006.pdf,downloads/pradeep_targeted_single_pages/055_official_dense_p006.pdf,downloads,raw_download,official_dense,211080,0.201,533fe36be3d10842bf6cb42f79665947217d79549a57dfaa3e51927a052bf29e,,,2026-06-11T18:07:18+00:00,
pdf_000693,055_official_dense_p007.pdf,downloads/pradeep_targeted_single_pages/055_official_dense_p007.pdf,downloads,raw_download,official_dense,211194,0.201,7376511f48570b1dfe643c9305e9ab3a71f65e6e42ca213f9c36f0f962d3444f,,,2026-06-11T18:07:18+00:00,
pdf_000694,055_official_dense_p008.pdf,downloads/pradeep_targeted_single_pages/055_official_dense_p008.pdf,downloads,raw_download,official_dense,210969,0.201,11fe728e67fb028a5de5b462d2218cc3116a738779dd8b54662854367a95cd6d,,,2026-06-11T18:07:18+00:00,
pdf_000695,055_official_dense_p009.pdf,downloads/pradeep_targeted_single_pages/055_official_dense_p009.pdf,downloads,raw_download,official_dense,211786,0.202,8a714ace652000eb201db8a6ab9847556a0a254e5282570732b025481711a4f5,,,2026-06-11T18:07:18+00:00,
pdf_000696,055_official_dense_p010.pdf,downloads/pradeep_targeted_single_pages/055_official_dense_p010.pdf,downloads,raw_download,official_dense,214412,0.204,449319080c296921ecb75c3978ed81ff36095aca6da98ecbc842ca8fda7bc1e6,,,2026-06-11T18:07:18+00:00,
pdf_000697,055_official_dense_p011.pdf,downloads/pradeep_targeted_single_pages/055_official_dense_p011.pdf,downloads,raw_download,official_dense,211306,0.202,be32d6be1b97601b94d6af504df21b921845a8cf0d68fe4b15ea85a2d73f3022,,,2026-06-11T18:07:18+00:00,
pdf_000698,055_official_dense_p012.pdf,downloads/pradeep_targeted_single_pages/055_official_dense_p012.pdf,downloads,raw_download,official_dense,211197,0.201,03c4c25e5c50c8177ba117477f53ac591a751bf820130e76d9dd6ee028f07f5d,,,2026-06-11T18:07:18+00:00,
pdf_000699,056_official_dense_p001.pdf,downloads/pradeep_targeted_single_pages/056_official_dense_p001.pdf,downloads,raw_download,official_dense,113872,0.109,f093bf30fa3b0c3a407048d97180592d55cab51b6305df54f9b51a36a9fb34c1,,,2026-06-11T18:07:18+00:00,
pdf_000700,056_official_dense_p002.pdf,downloads/pradeep_targeted_single_pages/056_official_dense_p002.pdf,downloads,raw_download,official_dense,44428,0.042,a774290f4c6fa7e59d4a30df7bf4ff5ba56a559468159f93dbd4ef16153c250f,,,2026-06-11T18:07:18+00:00,
pdf_000701,056_official_dense_p003.pdf,downloads/pradeep_targeted_single_pages/056_official_dense_p003.pdf,downloads,raw_download,official_dense,44338,0.042,284ec43eb1b595ce6b3034e1a64cd4ebeb47de44d77ae789282a42b26ce843a8,,,2026-06-11T18:07:18+00:00,
pdf_000702,057_official_dense_p001.pdf,downloads/pradeep_targeted_single_pages/057_official_dense_p001.pdf,downloads,raw_download,official_dense,135536,0.129,b44868d0a4fd4e693448609a790b809825d187826d9878f2630dca7719159c94,,,2026-06-11T18:07:18+00:00,
pdf_000703,057_official_dense_p002.pdf,downloads/pradeep_targeted_single_pages/057_official_dense_p002.pdf,downloads,raw_download,official_dense,71890,0.069,450c28c97a9e61b868217a110b5996b77abdef1fb7306afc449e4201cc546e43,,,2026-06-11T18:07:18+00:00,
pdf_000704,057_official_dense_p003.pdf,downloads/pradeep_targeted_single_pages/057_official_dense_p003.pdf,downloads,raw_download,official_dense,74601,0.071,222bbe0fcb161728a2c342b6e6585822f632db9424abc27df4e4e7d01bc2c336,,,2026-06-11T18:07:18+00:00,
pdf_000705,057_official_dense_p004.pdf,downloads/pradeep_targeted_single_pages/057_official_dense_p004.pdf,downloads,raw_download,official_dense,72553,0.069,fdc8e7e9cbc2b58037e54480504065207cff86970892c0a151665e1344285573,,,2026-06-11T18:07:18+00:00,
pdf_000706,057_official_dense_p005.pdf,downloads/pradeep_targeted_single_pages/057_official_dense_p005.pdf,downloads,raw_download,official_dense,71331,0.068,4f277cadf57f8e0f96cd074c16a6d3331fae0ea088f160f67a4fc2001f29e867,,,2026-06-11T18:07:18+00:00,
pdf_000707,057_official_dense_p006.pdf,downloads/pradeep_targeted_single_pages/057_official_dense_p006.pdf,downloads,raw_download,official_dense,71309,0.068,93837815f1c83d416e16ef6cc4d46ceb2b6c63c6f3520d254907199b61d4094f,,,2026-06-11T18:07:18+00:00,
pdf_000708,057_official_dense_p007.pdf,downloads/pradeep_targeted_single_pages/057_official_dense_p007.pdf,downloads,raw_download,official_dense,72143,0.069,5538f89af37cc60d9a7f016df81120b11fe0e747d5ee5fc6e054d6e8822b9c51,,,2026-06-11T18:07:18+00:00,
pdf_000709,058_official_dense_p001.pdf,downloads/pradeep_targeted_single_pages/058_official_dense_p001.pdf,downloads,raw_download,official_dense,111325,0.106,0d34bbbc3019b9fde92cd326fecfe0f606592c9318d624bc4ba3c42d7fb970a9,,,2026-06-11T18:07:18+00:00,
pdf_000710,058_official_dense_p002.pdf,downloads/pradeep_targeted_single_pages/058_official_dense_p002.pdf,downloads,raw_download,official_dense,89503,0.085,215fe71c5d484812a28873cf3add5f87735d873cd2a1b353a5ed01215c97a787,,,2026-06-11T18:07:18+00:00,
pdf_000711,059_official_dense_p001.pdf,downloads/pradeep_targeted_single_pages/059_official_dense_p001.pdf,downloads,raw_download,official_dense,217442,0.207,b9ca50982a5c27ae87c91b6f78b90e24ac3840d8babee9fb8ebba0b766a6b50e,,,2026-06-11T18:07:18+00:00,
pdf_000712,059_official_dense_p002.pdf,downloads/pradeep_targeted_single_pages/059_official_dense_p002.pdf,downloads,raw_download,official_dense,59372,0.057,df29a381a49fb1e3a374410cc21a7b08ab7887578c1b4d37e28f9e95b1932a89,,,2026-06-11T18:07:18+00:00,
pdf_000713,059_official_dense_p003.pdf,downloads/pradeep_targeted_single_pages/059_official_dense_p003.pdf,downloads,raw_download,official_dense,59199,0.056,5fa8475760ff4295c8fe5ebaf88c2a1bacbef47a26e9d71fed5c0fe3f0c2740c,,,2026-06-11T18:07:18+00:00,
pdf_000714,059_official_dense_p004.pdf,downloads/pradeep_targeted_single_pages/059_official_dense_p004.pdf,downloads,raw_download,official_dense,59246,0.057,78283dcde4ae5f9449925de400ff5b888868daf7ebbb56320f0c183f4cca95fe,,,2026-06-11T18:07:18+00:00,
pdf_000715,059_official_dense_p005.pdf,downloads/pradeep_targeted_single_pages/059_official_dense_p005.pdf,downloads,raw_download,official_dense,59281,0.057,98b6284a08a1dbbd0ca580bc0253d766417408b720fdeffa86db97e7e2c27887,,,2026-06-11T18:07:18+00:00,
pdf_000716,059_official_dense_p006.pdf,downloads/pradeep_targeted_single_pages/059_official_dense_p006.pdf,downloads,raw_download,official_dense,59632,0.057,e4f40214d89ae50589dc83de0a829d9534d58db9fff4b4674780784094af422d,,,2026-06-11T18:07:18+00:00,
pdf_000717,060_official_dense_p002.pdf,downloads/pradeep_targeted_single_pages/060_official_dense_p002.pdf,downloads,raw_download,official_dense,95980,0.092,c45f45f97ecfd68e40dded8b2a5ea6b2994d255ad4bcd8f0793d68c6de962708,,,2026-06-11T18:07:18+00:00,
pdf_000718,060_official_dense_p003.pdf,downloads/pradeep_targeted_single_pages/060_official_dense_p003.pdf,downloads,raw_download,official_dense,95565,0.091,7ebee266fa0cc51c3a5c8eb181d08c82e2df88879b9bd7cdb3dde5255eab08ae,,,2026-06-11T18:07:18+00:00,
pdf_000719,060_official_dense_p004.pdf,downloads/pradeep_targeted_single_pages/060_official_dense_p004.pdf,downloads,raw_download,official_dense,95608,0.091,47af76627a2fb204ed2191e0dc4afb646a48446a135d4fd2553b42a035ae6a2c,,,2026-06-11T18:07:18+00:00,
pdf_000720,060_official_dense_p005.pdf,downloads/pradeep_targeted_single_pages/060_official_dense_p005.pdf,downloads,raw_download,official_dense,95750,0.091,cfa953079e5ecc4f33abf8e3fedf6f3afad416c43761915ca0921747c82c972d,,,2026-06-11T18:07:18+00:00,
pdf_000721,060_official_dense_p006.pdf,downloads/pradeep_targeted_single_pages/060_official_dense_p006.pdf,downloads,raw_download,official_dense,95888,0.091,a67bb88a2dcd3dc7ed0edc4b490b810e638556ee08ba4ac21dcc3b0ae3832aab,,,2026-06-11T18:07:18+00:00,
pdf_000722,062_official_dense_p002.pdf,downloads/pradeep_targeted_single_pages/062_official_dense_p002.pdf,downloads,raw_download,official_dense,151651,0.145,45d11b803e2ade78476363a7cb6a4ece9b6f43534905309f8b70aa055960da21,,,2026-06-11T18:07:18+00:00,
pdf_000723,062_official_dense_p003.pdf,downloads/pradeep_targeted_single_pages/062_official_dense_p003.pdf,downloads,raw_download,official_dense,152564,0.145,ab0d261c1afdd730a74656d096d03f5b82121fbbe1bfda4726666c475189996c,,,2026-06-11T18:07:18+00:00,
pdf_000724,062_official_dense_p004.pdf,downloads/pradeep_targeted_single_pages/062_official_dense_p004.pdf,downloads,raw_download,official_dense,97972,0.093,2cd826424c4cc40e05634a2bf6c84847e7e8ff5589fd37c831edfc7e29b7a49a,,,2026-06-11T18:07:18+00:00,
pdf_000725,062_official_dense_p006.pdf,downloads/pradeep_targeted_single_pages/062_official_dense_p006.pdf,downloads,raw_download,official_dense,150086,0.143,34cb9d21ce6bd2dd707c8f78c955230be09295d92d3b3069040c221dfe50b5d2,,,2026-06-11T18:07:18+00:00,
pdf_000726,062_official_dense_p007.pdf,downloads/pradeep_targeted_single_pages/062_official_dense_p007.pdf,downloads,raw_download,official_dense,107342,0.102,4133f30118006c54bb41f18957e62879c95fff3ab0a0ee847afca038f20327c2,,,2026-06-11T18:07:18+00:00,
pdf_000727,062_official_dense_p008.pdf,downloads/pradeep_targeted_single_pages/062_official_dense_p008.pdf,downloads,raw_download,official_dense,163301,0.156,da7387238e80aba89e153dd91c9a745cd3ab76c72809177c69a45be9aa5a1f6b,,,2026-06-11T18:07:18+00:00,
pdf_000728,062_official_dense_p009.pdf,downloads/pradeep_targeted_single_pages/062_official_dense_p009.pdf,downloads,raw_download,official_dense,139826,0.133,22131ff32575af9e9f1c5372d62bc50fc5ae529b3cf729bf4bd45bde20c1226a,,,2026-06-11T18:07:18+00:00,
pdf_000729,062_official_dense_p010.pdf,downloads/pradeep_targeted_single_pages/062_official_dense_p010.pdf,downloads,raw_download,official_dense,107038,0.102,b5b5203fbb665bc1e32c13463e4a5ea78f7a73f8ac628ed61ce4f0894c717db4,,,2026-06-11T18:07:18+00:00,
pdf_000730,062_official_dense_p011.pdf,downloads/pradeep_targeted_single_pages/062_official_dense_p011.pdf,downloads,raw_download,official_dense,168039,0.160,7d208617f0fe99c553e464c1fd5767504e15fea05607fb1f6dfa090f0035f33d,,,2026-06-11T18:07:18+00:00,
pdf_000731,062_official_dense_p012.pdf,downloads/pradeep_targeted_single_pages/062_official_dense_p012.pdf,downloads,raw_download,official_dense,164685,0.157,ad5db2807c14ca48a5ea3169a846869aebdb35fd85797bcbf72080b67c53de29,,,2026-06-11T18:07:18+00:00,
pdf_000732,064_official_dense_p002.pdf,downloads/pradeep_targeted_single_pages/064_official_dense_p002.pdf,downloads,raw_download,official_dense,89966,0.086,344742e1a592864ffe4d139f8689ca0b74c5f03492a2be9266a133acdae09bf3,,,2026-06-11T18:07:18+00:00,
pdf_000733,064_official_dense_p003.pdf,downloads/pradeep_targeted_single_pages/064_official_dense_p003.pdf,downloads,raw_download,official_dense,90288,0.086,4923b97449cd6bd12547cc9dc5906ed784810e67331a7921352e64f3fcb43c13,,,2026-06-11T18:07:18+00:00,
pdf_000734,064_official_dense_p004.pdf,downloads/pradeep_targeted_single_pages/064_official_dense_p004.pdf,downloads,raw_download,official_dense,56573,0.054,966a06229e0f61834b9bfe6b624baa17057d8f7aacb124e2770133e68788290d,,,2026-06-11T18:07:18+00:00,
pdf_000735,064_official_dense_p005.pdf,downloads/pradeep_targeted_single_pages/064_official_dense_p005.pdf,downloads,raw_download,official_dense,91079,0.087,0179ac4d09c7ec85e0e5de56e1ccc23fe76d74efc18cc5a4e971d28f39a544b6,,,2026-06-11T18:07:18+00:00,
pdf_000736,064_official_dense_p006.pdf,downloads/pradeep_targeted_single_pages/064_official_dense_p006.pdf,downloads,raw_download,official_dense,87786,0.084,70b0b37348feb641ccc2f783779ee8a94993073fc6e1fe46761edf1e06398bdc,,,2026-06-11T18:07:18+00:00,
pdf_000737,064_official_dense_p007.pdf,downloads/pradeep_targeted_single_pages/064_official_dense_p007.pdf,downloads,raw_download,official_dense,90607,0.086,c634015b39f7c2d397b83a2b333b51937da461290bdb9e0cad7eb9ec9275363e,,,2026-06-11T18:07:18+00:00,
pdf_000738,064_official_dense_p008.pdf,downloads/pradeep_targeted_single_pages/064_official_dense_p008.pdf,downloads,raw_download,official_dense,91357,0.087,fb8ac3329b567e38d6257726ffbe81be394cd907155f068b5266c290a8b9f437,,,2026-06-11T18:07:18+00:00,
pdf_000739,064_official_dense_p009.pdf,downloads/pradeep_targeted_single_pages/064_official_dense_p009.pdf,downloads,raw_download,official_dense,95832,0.091,c01ef4f0460023d1419e010d50841266a080ff0287800727558393434eb23be0,,,2026-06-11T18:07:18+00:00,
pdf_000740,064_official_dense_p010.pdf,downloads/pradeep_targeted_single_pages/064_official_dense_p010.pdf,downloads,raw_download,official_dense,91799,0.088,c995cdb2c629822d8d272645d1dca197e31eaf233c803b01c755164a1fb13ff3,,,2026-06-11T18:07:18+00:00,
pdf_000741,064_official_dense_p011.pdf,downloads/pradeep_targeted_single_pages/064_official_dense_p011.pdf,downloads,raw_download,official_dense,89541,0.085,a4570c2fdf3bfacc935d5d9ae9da56ae8ffdaf45636111cdc016eadca7486616,,,2026-06-11T18:07:18+00:00,
pdf_000742,065_official_dense_p004.pdf,downloads/pradeep_targeted_single_pages/065_official_dense_p004.pdf,downloads,raw_download,official_dense,1558161,1.486,75ce8489086b89ec320092c679190ca642d6cf41b925901379779599bc4db593,,,2026-06-11T18:07:18+00:00,
pdf_000743,065_official_dense_p005.pdf,downloads/pradeep_targeted_single_pages/065_official_dense_p005.pdf,downloads,raw_download,official_dense,1558131,1.486,f846c377e8ba3576fdda25c244bbe6efaa54f619988f168e5d05131ca7a839bb,,,2026-06-11T18:07:18+00:00,
pdf_000744,065_official_dense_p009.pdf,downloads/pradeep_targeted_single_pages/065_official_dense_p009.pdf,downloads,raw_download,official_dense,1558131,1.486,64daa520585acfd1f8adf270f2ee47f7d19401096e42ebce2dcbad069bc040ab,,,2026-06-11T18:07:18+00:00,
pdf_000745,065_official_dense_p010.pdf,downloads/pradeep_targeted_single_pages/065_official_dense_p010.pdf,downloads,raw_download,official_dense,1558117,1.486,2011aa7ae1770224407c6af414090a5e1bdb11d06adb11f0f8ed64c22ccad90f,,,2026-06-11T18:07:18+00:00,
pdf_000746,065_official_dense_p011.pdf,downloads/pradeep_targeted_single_pages/065_official_dense_p011.pdf,downloads,raw_download,official_dense,1558158,1.486,66a2112b495cc1550f681b1fc2767544f69d4ce645aa01b086a149313853b5ff,,,2026-06-11T18:07:18+00:00,
pdf_000747,065_official_dense_p012.pdf,downloads/pradeep_targeted_single_pages/065_official_dense_p012.pdf,downloads,raw_download,official_dense,1558145,1.486,023e4c03b9623136acb121f4882e7b7eedac17ff79da62ba71c5e1f95af318ca,,,2026-06-11T18:07:18+00:00,
pdf_000748,066_official_dense_p002.pdf,downloads/pradeep_targeted_single_pages/066_official_dense_p002.pdf,downloads,raw_download,official_dense,103062,0.098,a9df813bf2afbce4bebbca457920be5f908ff4b8ba1e2ac0d150f570af0ba31d,,,2026-06-11T18:07:18+00:00,
pdf_000749,067_official_dense_p003.pdf,downloads/pradeep_targeted_single_pages/067_official_dense_p003.pdf,downloads,raw_download,official_dense,45217,0.043,602cb302237955c7d1556018a66b8a163b88dea5f0c6e3b027259dddbcc4ffb0,,,2026-06-11T18:07:18+00:00,
pdf_000750,067_official_dense_p004.pdf,downloads/pradeep_targeted_single_pages/067_official_dense_p004.pdf,downloads,raw_download,official_dense,45114,0.043,ba5f46639a1a342df0e1307cb661004b078a72ad06b87952456252b15d6f2857,,,2026-06-11T18:07:18+00:00,
pdf_000751,067_official_dense_p005.pdf,downloads/pradeep_targeted_single_pages/067_official_dense_p005.pdf,downloads,raw_download,official_dense,44949,0.043,405d40a3c21f42dea7a4364d37d4197a26e4d2227b186d0c3f2efec193af3196,,,2026-06-11T18:07:18+00:00,
pdf_000752,067_official_dense_p006.pdf,downloads/pradeep_targeted_single_pages/067_official_dense_p006.pdf,downloads,raw_download,official_dense,65851,0.063,1a05c2743fde2106dd29923fec2b84c76b369beedb5b45289abc2069aa2ed6e0,,,2026-06-11T18:07:18+00:00,
pdf_000753,067_official_dense_p007.pdf,downloads/pradeep_targeted_single_pages/067_official_dense_p007.pdf,downloads,raw_download,official_dense,65946,0.063,c73f9fb87a0b564d44cc916285b95be5a776ba276e4e6983b40b075b4bf682e7,,,2026-06-11T18:07:18+00:00,
pdf_000754,068_official_dense_p001.pdf,downloads/pradeep_targeted_single_pages/068_official_dense_p001.pdf,downloads,raw_download,official_dense,823967,0.786,7cd0f67760fa54d2f28f4dd184c64309087306f9d8977366d444b5ec4c011353,,,2026-06-11T18:07:18+00:00,
pdf_000755,068_official_dense_p002.pdf,downloads/pradeep_targeted_single_pages/068_official_dense_p002.pdf,downloads,raw_download,official_dense,894907,0.853,06c62bd24c9ecc82a36077b9505137be9d497c49d0badc38aefdabde3e89526c,,,2026-06-11T18:07:18+00:00,
pdf_000756,069_official_dense_p001.pdf,downloads/pradeep_targeted_single_pages/069_official_dense_p001.pdf,downloads,raw_download,official_dense,1259124,1.201,9335a3cd0e5b0d3114467686a5198ad11560559d0b03ffb2c447730fdb4c071c,,,2026-06-11T18:07:18+00:00,
pdf_000757,069_official_dense_p002.pdf,downloads/pradeep_targeted_single_pages/069_official_dense_p002.pdf,downloads,raw_download,official_dense,1259116,1.201,21b2bc612c53c81f1bce127ca073f78ae2865b5f2e77359a610976ad70cf76be,,,2026-06-11T18:07:18+00:00,
pdf_000758,069_official_dense_p009.pdf,downloads/pradeep_targeted_single_pages/069_official_dense_p009.pdf,downloads,raw_download,official_dense,1259115,1.201,52a121505a2b44211bb87b2a5d04a04f11940ad53ab0c5e6cad3becc6fbc2086,,,2026-06-11T18:07:18+00:00,
pdf_000759,069_official_dense_p011.pdf,downloads/pradeep_targeted_single_pages/069_official_dense_p011.pdf,downloads,raw_download,official_dense,1259118,1.201,27f3e70a1e609ea9e0f8368dfd527064cb2ef1b90093296260316bd7b1825052,,,2026-06-11T18:07:18+00:00,
pdf_000760,071_official_dense_p001.pdf,downloads/pradeep_targeted_single_pages/071_official_dense_p001.pdf,downloads,raw_download,official_dense,126722,0.121,b3ac7d13b4c416c9c4b8b8bd6c888e4f0a648d56d8ae571769629fc03ce60859,,,2026-06-11T18:07:18+00:00,
pdf_000761,071_official_dense_p005.pdf,downloads/pradeep_targeted_single_pages/071_official_dense_p005.pdf,downloads,raw_download,official_dense,119969,0.114,7d8367188ea42c289bff0aa155d56e410d955b078cbae9b8bbf94710709c593a,,,2026-06-11T18:07:18+00:00,
pdf_000762,071_official_dense_p008.pdf,downloads/pradeep_targeted_single_pages/071_official_dense_p008.pdf,downloads,raw_download,official_dense,119950,0.114,ff71deeb9ca0a6d46ad94a88d5ca2b681e20738124e079566e0457075aa7f15f,,,2026-06-11T18:07:18+00:00,
pdf_000763,071_official_dense_p009.pdf,downloads/pradeep_targeted_single_pages/071_official_dense_p009.pdf,downloads,raw_download,official_dense,100230,0.096,71f5982e1af9ef4203526a157b06399ac36e68d430438125a610e7d14ed426d0,,,2026-06-11T18:07:18+00:00,
pdf_000764,071_official_dense_p010.pdf,downloads/pradeep_targeted_single_pages/071_official_dense_p010.pdf,downloads,raw_download,official_dense,119153,0.114,8cc6a3c54aab84e0cd707b2ab63d69fe615f426e97c37b0f44280ba4faa71eab,,,2026-06-11T18:07:18+00:00,
pdf_000765,071_official_dense_p011.pdf,downloads/pradeep_targeted_single_pages/071_official_dense_p011.pdf,downloads,raw_download,official_dense,100708,0.096,0485ac5294ceecc5071a4405a61c7eb72a03775b6de8a44d4255cc4cc3de9bd3,,,2026-06-11T18:07:18+00:00,
pdf_000766,071_official_dense_p012.pdf,downloads/pradeep_targeted_single_pages/071_official_dense_p012.pdf,downloads,raw_download,official_dense,100395,0.096,da98b5517be315bd486577bde5e47399443f7e55a39b00ee125b4cd8405e4100,,,2026-06-11T18:07:18+00:00,
pdf_000767,072_official_dense_p004.pdf,downloads/pradeep_targeted_single_pages/072_official_dense_p004.pdf,downloads,raw_download,official_dense,58837,0.056,5f0f56b52a3bf4d43aa1c6d32bed1b43e04be4c54ed792df51d56fc3469dc25a,,,2026-06-11T18:07:18+00:00,
pdf_000768,072_official_dense_p005.pdf,downloads/pradeep_targeted_single_pages/072_official_dense_p005.pdf,downloads,raw_download,official_dense,59165,0.056,d195925b995e11220b79d203351f66c4570e030d1a1c0175585a0cea3c5303c5,,,2026-06-11T18:07:18+00:00,
pdf_000769,072_official_dense_p006.pdf,downloads/pradeep_targeted_single_pages/072_official_dense_p006.pdf,downloads,raw_download,official_dense,86882,0.083,31efdf3627b9e3acb9b8af125950021250f17c370629cdc11c5c3e688906a851,,,2026-06-11T18:07:18+00:00,
pdf_000770,072_official_dense_p007.pdf,downloads/pradeep_targeted_single_pages/072_official_dense_p007.pdf,downloads,raw_download,official_dense,58696,0.056,b4e0d7339e30c31dd07a8424f139d503d4f69b673fe8a43c1a5886f70a6b4399,,,2026-06-11T18:07:18+00:00,
pdf_000771,072_official_dense_p008.pdf,downloads/pradeep_targeted_single_pages/072_official_dense_p008.pdf,downloads,raw_download,official_dense,59644,0.057,5cfca3fcb9b82f7e7b8447e6f66c772f7f03aed0bc637a0039a1219c05237904,,,2026-06-11T18:07:18+00:00,
pdf_000772,072_official_dense_p010.pdf,downloads/pradeep_targeted_single_pages/072_official_dense_p010.pdf,downloads,raw_download,official_dense,86441,0.082,8058aec9da464b193cd83035411b037e7b568bddbf4bc7ede4da90664bdc3712,,,2026-06-11T18:07:18+00:00,
pdf_000773,072_official_dense_p012.pdf,downloads/pradeep_targeted_single_pages/072_official_dense_p012.pdf,downloads,raw_download,official_dense,86725,0.083,0cfa7e990bae08c6ee3b2673d097d0ad5b82326d550ae57527a8dbff48e372b4,,,2026-06-11T18:07:18+00:00,
pdf_000774,073_official_dense_p006.pdf,downloads/pradeep_targeted_single_pages/073_official_dense_p006.pdf,downloads,raw_download,official_dense,6679861,6.370,facd23fd1837909e0d694b3f2a3c6bc707b6ef1fe410e11a5a94f06e121a3bbb,,,2026-06-11T18:07:18+00:00,
pdf_000775,073_official_dense_p010.pdf,downloads/pradeep_targeted_single_pages/073_official_dense_p010.pdf,downloads,raw_download,official_dense,6679949,6.370,5a1a08daab2c0197001f78b846f1f960686b6a0817c4d5b07171af166ed650f9,,,2026-06-11T18:07:18+00:00,
pdf_000776,073_official_dense_p012.pdf,downloads/pradeep_targeted_single_pages/073_official_dense_p012.pdf,downloads,raw_download,official_dense,6679920,6.370,1ab193d5fea6b96719ce185cb75ef6443b69c77b0c214a70582969c35a097cc3,,,2026-06-11T18:07:18+00:00,
pdf_000777,074_official_dense_p006.pdf,downloads/pradeep_targeted_single_pages/074_official_dense_p006.pdf,downloads,raw_download,official_dense,175304,0.167,1835614f63fb32a9f0f4a141eae2836a6b2b8c1940c9d7b9e99867d1ae003a4c,,,2026-06-11T18:07:18+00:00,
pdf_000778,074_official_dense_p007.pdf,downloads/pradeep_targeted_single_pages/074_official_dense_p007.pdf,downloads,raw_download,official_dense,115715,0.110,7e71dc50a065004e46e000e470d44672e50c03917ab4421888fb242d2376eddb,,,2026-06-11T18:07:18+00:00,
pdf_000779,074_official_dense_p008.pdf,downloads/pradeep_targeted_single_pages/074_official_dense_p008.pdf,downloads,raw_download,official_dense,151230,0.144,0aed1abd7bedf459ce71bd01b6bb9ba1ad14e6c0898df344bfc54fafa4953e2f,,,2026-06-11T18:07:18+00:00,
pdf_000780,074_official_dense_p009.pdf,downloads/pradeep_targeted_single_pages/074_official_dense_p009.pdf,downloads,raw_download,official_dense,241597,0.230,7534852fc32a7093bfbc9d97300d974fb2014631bfc11f8389f4e05a6af27832,,,2026-06-11T18:07:18+00:00,
pdf_000781,074_official_dense_p010.pdf,downloads/pradeep_targeted_single_pages/074_official_dense_p010.pdf,downloads,raw_download,official_dense,182023,0.174,bd1ee14f8f308abcb3b6faaaa45e948f916d733029077a37e6ca7bd4964d346b,,,2026-06-11T18:07:18+00:00,
pdf_000782,074_official_dense_p011.pdf,downloads/pradeep_targeted_single_pages/074_official_dense_p011.pdf,downloads,raw_download,official_dense,182002,0.174,3469b674d391c524c0729ad92be24f4fb1c323ed13cec67c4d307a6135cd0188,,,2026-06-11T18:07:18+00:00,
pdf_000783,074_official_dense_p012.pdf,downloads/pradeep_targeted_single_pages/074_official_dense_p012.pdf,downloads,raw_download,official_dense,218063,0.208,971bcaec23452afd7145b3309ff6825eb3071dff654a91e2996db338e2e93b26,,,2026-06-11T18:07:18+00:00,
pdf_000784,075_official_dense_p003.pdf,downloads/pradeep_targeted_single_pages/075_official_dense_p003.pdf,downloads,raw_download,official_dense,88229,0.084,53e280778724f0379a7b1af35b6a292dc9935dfc124ec5117dbb1b5de31cbeba,,,2026-06-11T18:07:18+00:00,
pdf_000785,075_official_dense_p004.pdf,downloads/pradeep_targeted_single_pages/075_official_dense_p004.pdf,downloads,raw_download,official_dense,57413,0.055,b5d7e36c2d80a04b8922e52950ef68e3fbe226bb840ee724f5638a0da73bf7f2,,,2026-06-11T18:07:18+00:00,
pdf_000786,075_official_dense_p005.pdf,downloads/pradeep_targeted_single_pages/075_official_dense_p005.pdf,downloads,raw_download,official_dense,58535,0.056,dda0a32d24e984c5e87f6f7dcff541346513c3884330fdcee25f134eade1d0a8,,,2026-06-11T18:07:18+00:00,
pdf_000787,075_official_dense_p006.pdf,downloads/pradeep_targeted_single_pages/075_official_dense_p006.pdf,downloads,raw_download,official_dense,57516,0.055,93ade3030055a4ba995acd68383d885d373c3676f5183dbb1ab8995ec1741629,,,2026-06-11T18:07:18+00:00,
pdf_000788,075_official_dense_p007.pdf,downloads/pradeep_targeted_single_pages/075_official_dense_p007.pdf,downloads,raw_download,official_dense,96641,0.092,c58b2c27a54afc6ed18c766b911a2b17cd0b976f8a875a4a0ef5d96fd8fabc2b,,,2026-06-11T18:07:18+00:00,
pdf_000789,075_official_dense_p008.pdf,downloads/pradeep_targeted_single_pages/075_official_dense_p008.pdf,downloads,raw_download,official_dense,87283,0.083,b53b8fc0b6c86e6f4e0f9300ed77e1be8e90609e1427814385400cabb8dc799c,,,2026-06-11T18:07:18+00:00,
pdf_000790,075_official_dense_p009.pdf,downloads/pradeep_targeted_single_pages/075_official_dense_p009.pdf,downloads,raw_download,official_dense,87315,0.083,c281e9bc6179004ad240ce898a663651a203db7ca72cbe0cf52bcb5010aec32d,,,2026-06-11T18:07:18+00:00,
pdf_000791,075_official_dense_p010.pdf,downloads/pradeep_targeted_single_pages/075_official_dense_p010.pdf,downloads,raw_download,official_dense,93239,0.089,7ef025ed481f57be080f9a22e95d06dbb8128623335d58113997b63b9f22062b,,,2026-06-11T18:07:18+00:00,
pdf_000792,075_official_dense_p011.pdf,downloads/pradeep_targeted_single_pages/075_official_dense_p011.pdf,downloads,raw_download,official_dense,59065,0.056,4a4d35b737e09169d12f3dcd405ce2544622299e6797b09f1cf949bf756cc4b5,,,2026-06-11T18:07:18+00:00,
pdf_000793,075_official_dense_p012.pdf,downloads/pradeep_targeted_single_pages/075_official_dense_p012.pdf,downloads,raw_download,official_dense,97475,0.093,ea1503bd1a1872fc5f447625c61186acc92dc0375385de97634d492e6e51f0d0,,,2026-06-11T18:07:18+00:00,
pdf_000794,076_official_dense_p009.pdf,downloads/pradeep_targeted_single_pages/076_official_dense_p009.pdf,downloads,raw_download,official_dense,65167,0.062,de8f6cdded22795151d39b8cceb68e90157354da8c830f2ed9def06bc2d6afc0,,,2026-06-11T18:07:18+00:00,
pdf_000795,076_official_dense_p011.pdf,downloads/pradeep_targeted_single_pages/076_official_dense_p011.pdf,downloads,raw_download,official_dense,69958,0.067,0e9a5edcb4ccd0defc418403448c87594110ecbb5844054195e19f93a4c6ac49,,,2026-06-11T18:07:18+00:00,
pdf_000796,077_official_dense_p009.pdf,downloads/pradeep_targeted_single_pages/077_official_dense_p009.pdf,downloads,raw_download,official_dense,93949,0.090,6ed851b9a7343392bd81527ca893b3bd9b59b2e4f190afbb17d458e5ac1d204b,,,2026-06-11T18:07:18+00:00,
pdf_000797,078_official_dense_p003.pdf,downloads/pradeep_targeted_single_pages/078_official_dense_p003.pdf,downloads,raw_download,official_dense,156352,0.149,0a523578f31ca93d56dfc6fb06df3be6f7eea0b9c98d364ea0c803d1da89e0e5,,,2026-06-11T18:07:18+00:00,
pdf_000798,078_official_dense_p005.pdf,downloads/pradeep_targeted_single_pages/078_official_dense_p005.pdf,downloads,raw_download,official_dense,227679,0.217,289580ea4656314372a75cef00a032dc831c46f6a1ebac4fe6851392f4a5f2fa,,,2026-06-11T18:07:18+00:00,
pdf_000799,078_official_dense_p006.pdf,downloads/pradeep_targeted_single_pages/078_official_dense_p006.pdf,downloads,raw_download,official_dense,155286,0.148,6dd43ec6728f7aebc18580526d95e497b024befbcf1ddc6b37c7f84abc06dae0,,,2026-06-11T18:07:18+00:00,
pdf_000800,078_official_dense_p007.pdf,downloads/pradeep_targeted_single_pages/078_official_dense_p007.pdf,downloads,raw_download,official_dense,155114,0.148,f72b78d66f6dbf800b103432886c3e7423f371e833108265ab91eacfb65c81ab,,,2026-06-11T18:07:18+00:00,
pdf_000801,078_official_dense_p008.pdf,downloads/pradeep_targeted_single_pages/078_official_dense_p008.pdf,downloads,raw_download,official_dense,155722,0.149,4d810b1bb1c2fc74180a3f182fbedd422b54d4f2ec4f7cdb0b768d30ccaae242,,,2026-06-11T18:07:18+00:00,
pdf_000802,078_official_dense_p009.pdf,downloads/pradeep_targeted_single_pages/078_official_dense_p009.pdf,downloads,raw_download,official_dense,155593,0.148,9289308859dfbabd27f8108d21bd69c1fc06efced9d3a915b22f2399aba05feb,,,2026-06-11T18:07:18+00:00,
pdf_000803,078_official_dense_p010.pdf,downloads/pradeep_targeted_single_pages/078_official_dense_p010.pdf,downloads,raw_download,official_dense,157503,0.150,7b9195908c944cbb8416b4e0be225638ce53271bae3330da522ef0666ccf3381,,,2026-06-11T18:07:18+00:00,
pdf_000804,078_official_dense_p011.pdf,downloads/pradeep_targeted_single_pages/078_official_dense_p011.pdf,downloads,raw_download,official_dense,226953,0.216,4279a05e18de79f2261882341ee4702f92746764a4f969da08067efb5154d015,,,2026-06-11T18:07:18+00:00,
pdf_000805,078_official_dense_p012.pdf,downloads/pradeep_targeted_single_pages/078_official_dense_p012.pdf,downloads,raw_download,official_dense,226762,0.216,acb4fd48e73df5d19f3b13c5cad4237409869eba6fea9b743c04bdb385d20038,,,2026-06-11T18:07:18+00:00,
pdf_000806,079_official_dense_p004.pdf,downloads/pradeep_targeted_single_pages/079_official_dense_p004.pdf,downloads,raw_download,official_dense,47092,0.045,2da85123819d7e3474a73169735968983a5f11c4715023fe3be9051ce10d29c9,,,2026-06-11T18:07:18+00:00,
pdf_000807,079_official_dense_p005.pdf,downloads/pradeep_targeted_single_pages/079_official_dense_p005.pdf,downloads,raw_download,official_dense,46013,0.044,96bdb3dbafc393c07be6c5d58220f040671a72ca599d6a71e09984132877ff3e,,,2026-06-11T18:07:18+00:00,
pdf_000808,079_official_dense_p006.pdf,downloads/pradeep_targeted_single_pages/079_official_dense_p006.pdf,downloads,raw_download,official_dense,46243,0.044,ea93ec975a0b2ddba91fb940c54d308e0f9f5ce305696f2e6fdea37f42a4579a,,,2026-06-11T18:07:18+00:00,
pdf_000809,079_official_dense_p007.pdf,downloads/pradeep_targeted_single_pages/079_official_dense_p007.pdf,downloads,raw_download,official_dense,47349,0.045,4ce55438f43f1ee162dbd49f515a629c524c345f3d39ae45c0fb2bc6abb1a784,,,2026-06-11T18:07:18+00:00,
pdf_000810,079_official_dense_p008.pdf,downloads/pradeep_targeted_single_pages/079_official_dense_p008.pdf,downloads,raw_download,official_dense,44371,0.042,a3a6b7f236f3da6010c2bfe7cc3f808afcfc90f7183f81a19fd182d48c01e764,,,2026-06-11T18:07:18+00:00,
pdf_000811,079_official_dense_p009.pdf,downloads/pradeep_targeted_single_pages/079_official_dense_p009.pdf,downloads,raw_download,official_dense,49078,0.047,fa79fbc4a073dcd4f067fedd43ddfaa1d52b33f83050f5b9164d64b5a02d8633,,,2026-06-11T18:07:18+00:00,
pdf_000812,079_official_dense_p010.pdf,downloads/pradeep_targeted_single_pages/079_official_dense_p010.pdf,downloads,raw_download,official_dense,44482,0.042,6ff3214ec857d2d13acf474bc61f62d05f78a89cc2e7ab8d7d98d0e97c3c0622,,,2026-06-11T18:07:18+00:00,
pdf_000813,079_official_dense_p012.pdf,downloads/pradeep_targeted_single_pages/079_official_dense_p012.pdf,downloads,raw_download,official_dense,51150,0.049,895b3d191e01bbe09d7917547f326f62d1c3622e5f2c38734cc72063bae84c8c,,,2026-06-11T18:07:18+00:00,
pdf_000814,080_official_dense_p001.pdf,downloads/pradeep_targeted_single_pages/080_official_dense_p001.pdf,downloads,raw_download,official_dense,218269,0.208,40fafa946603c40394169406b9f4dc169ac87c5ab31090c51bea2542a01e1bd5,,,2026-06-11T18:07:18+00:00,
pdf_000815,080_official_dense_p002.pdf,downloads/pradeep_targeted_single_pages/080_official_dense_p002.pdf,downloads,raw_download,official_dense,155529,0.148,202fa3e0c62fc16908cedd82584c8510291935cf2577487434e36311be565c58,,,2026-06-11T18:07:18+00:00,
pdf_000816,080_official_dense_p003.pdf,downloads/pradeep_targeted_single_pages/080_official_dense_p003.pdf,downloads,raw_download,official_dense,238580,0.228,4b5059e45c2d79ab064e936f3e4492b88198c477c2e109bdb98a214220d4952c,,,2026-06-11T18:07:18+00:00,
pdf_000817,080_official_dense_p005.pdf,downloads/pradeep_targeted_single_pages/080_official_dense_p005.pdf,downloads,raw_download,official_dense,202042,0.193,715422909d1df6fc2a434c6daf3d62d0f897624e83fac0478c8f68afbd7a1b80,,,2026-06-11T18:07:18+00:00,
pdf_000818,080_official_dense_p006.pdf,downloads/pradeep_targeted_single_pages/080_official_dense_p006.pdf,downloads,raw_download,official_dense,207228,0.198,dc6305abe49019b658703ff38f7b1e0f82f5fc502d5e3491b0c550443ce884a1,,,2026-06-11T18:07:18+00:00,
pdf_000819,085_official_dense_p003.pdf,downloads/pradeep_targeted_single_pages/085_official_dense_p003.pdf,downloads,raw_download,official_dense,217546,0.207,b1db0f9aa896875daa233b39d07eaf0946deeb868a1e052383f554a46a843ffa,,,2026-06-11T18:07:18+00:00,
pdf_000820,087_official_dense_p001.pdf,downloads/pradeep_targeted_single_pages/087_official_dense_p001.pdf,downloads,raw_download,official_dense,243099,0.232,f271430b878b8cd281494857607aa55c5738bb7cb3492639c555050f1cbb1897,,,2026-06-11T18:07:18+00:00,
pdf_000821,087_official_dense_p002.pdf,downloads/pradeep_targeted_single_pages/087_official_dense_p002.pdf,downloads,raw_download,official_dense,188335,0.180,8f7aca85834d450621a449ad67437b31d63323b49ff2091b41bd3199d4c2030a,,,2026-06-11T18:07:18+00:00,
pdf_000822,087_official_dense_p003.pdf,downloads/pradeep_targeted_single_pages/087_official_dense_p003.pdf,downloads,raw_download,official_dense,189045,0.180,07b73f7a99bd9399204eb7495946c12097a6f570706933e40158017b167b5ed6,,,2026-06-11T18:07:18+00:00,
pdf_000823,088_official_dense_p001.pdf,downloads/pradeep_targeted_single_pages/088_official_dense_p001.pdf,downloads,raw_download,official_dense,241626,0.230,8acef785cc061e43532bb348b2d41085890470bce4d63010ad61c0e2ee5d2b72,,,2026-06-11T18:07:18+00:00,
pdf_000824,088_official_dense_p002.pdf,downloads/pradeep_targeted_single_pages/088_official_dense_p002.pdf,downloads,raw_download,official_dense,185688,0.177,afcba72495043412625b683cac47a53fa7cc34365d403daa55a9e994e89c9357,,,2026-06-11T18:07:18+00:00,
pdf_000825,088_official_dense_p003.pdf,downloads/pradeep_targeted_single_pages/088_official_dense_p003.pdf,downloads,raw_download,official_dense,186316,0.178,a2bec83f517b9cdd5bfb43b4536d494f0a0c77d059f24015834aaa3cf85343d5,,,2026-06-11T18:07:18+00:00,
pdf_000826,088_official_dense_p004.pdf,downloads/pradeep_targeted_single_pages/088_official_dense_p004.pdf,downloads,raw_download,official_dense,499132,0.476,77862f71916813bf4e441ec54dc23a2ddeb85a96009b7db8e15107eb0118b596,,,2026-06-11T18:07:18+00:00,
pdf_000827,089_official_dense_p001.pdf,downloads/pradeep_targeted_single_pages/089_official_dense_p001.pdf,downloads,raw_download,official_dense,244720,0.233,fd9f87dc43b1589be2c9ca93cb467d12754541843ac6138a109a522fb38ae71b,,,2026-06-11T18:07:18+00:00,
pdf_000828,089_official_dense_p002.pdf,downloads/pradeep_targeted_single_pages/089_official_dense_p002.pdf,downloads,raw_download,official_dense,198633,0.189,ac59df25db8787572eb01406c6bfd66bf348a005f3dc8b65af989f9337a7d60e,,,2026-06-11T18:07:18+00:00,
pdf_000829,089_official_dense_p003.pdf,downloads/pradeep_targeted_single_pages/089_official_dense_p003.pdf,downloads,raw_download,official_dense,200772,0.191,0d28ac92a6fb65ef440a7061ecddced3b5ae0731c94f9d4c42e4531c85cc3de4,,,2026-06-11T18:07:18+00:00,
pdf_000830,089_official_dense_p004.pdf,downloads/pradeep_targeted_single_pages/089_official_dense_p004.pdf,downloads,raw_download,official_dense,199142,0.190,34100dbd644912accb00e15a3fb106ae187a426e159cf73246abbf9d53f228d5,,,2026-06-11T18:07:18+00:00,
pdf_000831,089_official_dense_p005.pdf,downloads/pradeep_targeted_single_pages/089_official_dense_p005.pdf,downloads,raw_download,official_dense,199120,0.190,6329a5012304b043df0bf9bcb526d177a44fe851a0c0d44362c63a96dfc0c56d,,,2026-06-11T18:07:18+00:00,
pdf_000832,089_official_dense_p006.pdf,downloads/pradeep_targeted_single_pages/089_official_dense_p006.pdf,downloads,raw_download,official_dense,199473,0.190,3476bf5be98321c91013ffc86dc588ef4fd18608e83c48705f47f656202aa1c7,,,2026-06-11T18:07:18+00:00,
pdf_000833,089_official_dense_p007.pdf,downloads/pradeep_targeted_single_pages/089_official_dense_p007.pdf,downloads,raw_download,official_dense,198864,0.190,9404e1f09c3bfdab3ab6cba8ec1290c62ae815714d46c602a68083e363f1e836,,,2026-06-11T18:07:18+00:00,
pdf_000834,090_official_dense_p002.pdf,downloads/pradeep_targeted_single_pages/090_official_dense_p002.pdf,downloads,raw_download,official_dense,224859,0.214,3751d3042778b3b1b561bb7a5b53115757d9b180274851cd76f64cd50a50e098,,,2026-06-11T18:07:18+00:00,
pdf_000835,090_official_dense_p003.pdf,downloads/pradeep_targeted_single_pages/090_official_dense_p003.pdf,downloads,raw_download,official_dense,224275,0.214,88c406a9d115e859b793d0161bcc1f5fe434cd5dd19ad403ee24849f1d85e9d8,,,2026-06-11T18:07:18+00:00,
pdf_000836,092_official_dense_p001.pdf,downloads/pradeep_targeted_single_pages/092_official_dense_p001.pdf,downloads,raw_download,official_dense,384700,0.367,5b133c190a5a769e20a8db69f35a62fb4fd14d7045627f37ea1c9050b772c81e,,,2026-06-11T18:07:18+00:00,
pdf_000837,092_official_dense_p002.pdf,downloads/pradeep_targeted_single_pages/092_official_dense_p002.pdf,downloads,raw_download,official_dense,349373,0.333,c02626673a438b150e7d3bd3b6e899258977e36e615957a6f61957fa37e66f93,,,2026-06-11T18:07:18+00:00,
pdf_000838,!!071_contract.pdf,approved_pdfs/!!071_contract.pdf,approved_pdfs,approved,contract,327302,0.312,2410d4b84a048fdb8e80147fdacd0652a38d788cf34199ba26722ff8faf7b43c,,,2026-06-11T18:07:18+00:00,
pdf_000839,!!246_patient_form.pdf,approved_pdfs/!!246_patient_form.pdf,approved_pdfs,approved,patient_form,81470,0.078,c15225c11053a7b1bd435ce8760e18e9ae5bdbb0818e9b1ab8ad3c3c6faec590,,,2026-06-11T18:07:18+00:00,
pdf_000840,!!340_logistics_financial.pdf,approved_pdfs/!!340_logistics_financial.pdf,approved_pdfs,approved,logistics_financial,194824,0.186,7ba1f2c2adbc23c41202e1664cb9dc5f17b6e026bd24b244231a19d594631ba1,,,2026-06-11T18:07:18+00:00,
pdf_000841,!006_financial_environmental_report.pdf,approved_pdfs/!006_financial_environmental_report.pdf,approved_pdfs,approved,financial_environmental_report,411711,0.393,9f048a9d082af7dcd5a703324eeb0cc94ab5c11b11660195f94d42fc11c9b447,,,2026-06-11T18:07:18+00:00,
pdf_000842,!024_financial_environmental_report.pdf,approved_pdfs/!024_financial_environmental_report.pdf,approved_pdfs,approved,financial_environmental_report,242845,0.232,072fedf27b8bf14476477a8847d8144c10e87b91331fa084d5a785c86f2efb26,,,2026-06-11T18:07:18+00:00,
pdf_000843,!198_certificate_of_analysis.pdf,approved_pdfs/!198_certificate_of_analysis.pdf,approved_pdfs,approved,certificate_of_analysis,1147654,1.094,83d346d2c02cad33e234d698261296a1040e1f046ca33f0cbec0e288cfa916dc,,,2026-06-11T18:07:18+00:00,
pdf_000844,!206_certificate_of_analysis.pdf,approved_pdfs/!206_certificate_of_analysis.pdf,approved_pdfs,approved,certificate_of_analysis,337831,0.322,b45d531c992fecb721fdaa29c598d3e6e602dbfc73b9a739b950c70e6a2d1f84,,,2026-06-11T18:07:18+00:00,
pdf_000845,!334_logistics_financial.pdf,approved_pdfs/!334_logistics_financial.pdf,approved_pdfs,approved,logistics_financial,367055,0.350,6f8f99370ce228e23f9d67765ed6cfd2cee842be91c7b2944fca90e75d11efc1,,,2026-06-11T18:07:18+00:00,
pdf_000846,004_financial_environmental_report.pdf,approved_pdfs/004_financial_environmental_report.pdf,approved_pdfs,approved,financial_environmental_report,335193,0.320,8b961534e0466a95a2fc56ef964f8cc84a06e50c7eb9fa4636b604d10ad3faca,,,2026-06-11T18:07:18+00:00,
pdf_000847,009_financial_environmental_report.pdf,approved_pdfs/009_financial_environmental_report.pdf,approved_pdfs,approved,financial_environmental_report,408182,0.389,af83c8c4c6f8201a36bbd31984e919f8218b750ad6117f5b0601c572effede30,,,2026-06-11T18:07:18+00:00,
pdf_000848,015_financial_environmental_report.pdf,approved_pdfs/015_financial_environmental_report.pdf,approved_pdfs,approved,financial_environmental_report,204423,0.195,f74a643c5d2caf36e5f9097185e5f59420c9261a2ff7134fd45c5ad8ad16bbbd,,,2026-06-11T18:07:18+00:00,
pdf_000849,016_financial_environmental_report.pdf,approved_pdfs/016_financial_environmental_report.pdf,approved_pdfs,approved,financial_environmental_report,213563,0.204,9b919b082be3100dc54186a8f31c02c2654ac17ed874bd4c438b5a2448c26a74,,,2026-06-11T18:07:18+00:00,
pdf_000850,018_financial_environmental_report.pdf,approved_pdfs/018_financial_environmental_report.pdf,approved_pdfs,approved,financial_environmental_report,130116,0.124,eaeee2888647472da58a093537efdf766ee17002f271ce127963ccf6a3ef46c4,,,2026-06-11T18:07:18+00:00,
pdf_000851,019_contract.pdf,approved_pdfs/019_contract.pdf,approved_pdfs,approved,contract,552263,0.527,b6a93ae623b83c05dc1ca88811938a68cc967d12d982dbd9b7a70d15a16083a0,,,2026-06-11T18:07:18+00:00,
pdf_000852,021_financial_environmental_report.pdf,approved_pdfs/021_financial_environmental_report.pdf,approved_pdfs,approved,financial_environmental_report,236603,0.226,44887329464fb5c3045af6b8f8979f28645c11b287bc5866e88968d7c0b56c3e,,,2026-06-11T18:07:18+00:00,
pdf_000853,054_contract.pdf,approved_pdfs/054_contract.pdf,approved_pdfs,approved,contract,228174,0.218,7ece6a0f89045c171a43a89dba51a5e9b02254d4607936a70c5928a8f753517c,,,2026-06-11T18:07:18+00:00,
pdf_000854,057_contract.pdf,approved_pdfs/057_contract.pdf,approved_pdfs,approved,contract,88965,0.085,d58033d1a2900e25ba06349b7378035b8e22212d3628d7d8a53463f5b2df504f,,,2026-06-11T18:07:18+00:00,
pdf_000855,059_handwritten.pdf,approved_pdfs/059_handwritten.pdf,approved_pdfs,approved,handwritten,163040,0.155,947726a15bd6f0e4aa4225ca4e8c7402d535c640c85d46ea56520312e9465d7c,,,2026-06-11T18:07:18+00:00,
pdf_000856,069_contract.pdf,approved_pdfs/069_contract.pdf,approved_pdfs,approved,contract,225798,0.215,45ec64c354888672fdc1e67076d6a7cc2b2a3f159f542e1103cff2524dca3fc0,,,2026-06-11T18:07:18+00:00,
pdf_000857,082_financial_environmental_report.pdf,approved_pdfs/082_financial_environmental_report.pdf,approved_pdfs,approved,financial_environmental_report,163798,0.156,a30234a7790039d4028b426fffa55f24c146c9b09462521bb7bcd411d2c8f4ad,,,2026-06-11T18:07:18+00:00,
pdf_000858,085_financial_environmental_report.pdf,approved_pdfs/085_financial_environmental_report.pdf,approved_pdfs,approved,financial_environmental_report,252210,0.241,0dd163c3ceee6d2aa27f75ddfa57c6c59d4ecc9d6fa1d16f0b0f4f5c8adebc42,,,2026-06-11T18:07:18+00:00,
pdf_000859,098_financial_environmental_report.pdf,approved_pdfs/098_financial_environmental_report.pdf,approved_pdfs,approved,financial_environmental_report,65315,0.062,8a88f7ec8b6557a7ea197e508f122fa429219cc20582330ef6d78dc9e877037b,,,2026-06-11T18:07:18+00:00,
pdf_000860,106_financial_environmental_report.pdf,approved_pdfs/106_financial_environmental_report.pdf,approved_pdfs,approved,financial_environmental_report,45798,0.044,6f9b82b1817901df9d99fe77c9a8b390e1cef7e4add06ba40b4c3d2831eca53c,,,2026-06-11T18:07:18+00:00,
pdf_000861,113_financial_environmental_report.pdf,approved_pdfs/113_financial_environmental_report.pdf,approved_pdfs,approved,financial_environmental_report,48143,0.046,f7232e00071dd9db3f9dbe999a531f7e47462d5860d067cbc25a5dda636edab8,,,2026-06-11T18:07:18+00:00,
pdf_000862,114_financial_environmental_report.pdf,approved_pdfs/114_financial_environmental_report.pdf,approved_pdfs,approved,financial_environmental_report,235072,0.224,534c26b93663a81cc48d6b1045623fab578eec6650aa6b6231cb6436f9b816fb,,,2026-06-11T18:07:18+00:00,
pdf_000863,122_financial_environmental_report.pdf,approved_pdfs/122_financial_environmental_report.pdf,approved_pdfs,approved,financial_environmental_report,98928,0.094,ff90baa711f62a17c416b443a4897e0744f970535926859553e6195fa715da8c,,,2026-06-11T18:07:18+00:00,
pdf_000864,126_financial_environmental_report.pdf,approved_pdfs/126_financial_environmental_report.pdf,approved_pdfs,approved,financial_environmental_report,196705,0.188,0191f8b2bf6b238b759331e26023270d4ae4e565e61b92b7d20d7b10cd464677,,,2026-06-11T18:07:18+00:00,
pdf_000865,155_receipt.pdf,approved_pdfs/155_receipt.pdf,approved_pdfs,approved,receipt,230283,0.220,3d4ba75d3037739cefac2292c61e49702d2872baf2c87fb6125fb14ab54e241e,,,2026-06-11T18:07:18+00:00,
pdf_000866,161_receipt.pdf,approved_pdfs/161_receipt.pdf,approved_pdfs,approved,receipt,196451,0.187,8465aa69996581a234a768345f03798f825c29bf7173994631e7a5457a06e17e,,,2026-06-11T18:07:18+00:00,
pdf_000867,172_receipt.pdf,approved_pdfs/172_receipt.pdf,approved_pdfs,approved,receipt,267472,0.255,32e2f520a06c310fb7b01a1d260a644b0ce43771a0495a10067946b8b58f7685,,,2026-06-11T18:07:18+00:00,
pdf_000868,178_certificate_of_analysis.pdf,approved_pdfs/178_certificate_of_analysis.pdf,approved_pdfs,approved,certificate_of_analysis,388860,0.371,0b66c0f871378b62e88d88a1aa671f3df9402cbd0b77b31dd766f4ca46c653f7,,,2026-06-11T18:07:18+00:00,
pdf_000869,183_certificate_of_analysis.pdf,approved_pdfs/183_certificate_of_analysis.pdf,approved_pdfs,approved,certificate_of_analysis,445804,0.425,fb9ad35b699a782fb2a71ea7288f3307934eb8cab36e5cda424dba6ce187cc9a,,,2026-06-11T18:07:18+00:00,
pdf_000870,192_receipt.pdf,approved_pdfs/192_receipt.pdf,approved_pdfs,approved,receipt,558622,0.533,efb0374aa801b876e8875eea578334d7c6916bfd367ca0f74ef10bee3e757715,,,2026-06-11T18:07:18+00:00,
pdf_000871,196_certificate_of_analysis.pdf,approved_pdfs/196_certificate_of_analysis.pdf,approved_pdfs,approved,certificate_of_analysis,360379,0.344,6845e1f770b1937a1e1fc54cee5c7e5debf021422d5a8ebaa870514a94a2a065,,,2026-06-11T18:07:18+00:00,
pdf_000872,199_certificate_of_analysis.pdf,approved_pdfs/199_certificate_of_analysis.pdf,approved_pdfs,approved,certificate_of_analysis,471897,0.450,8e124181035bf6d67a657421e071fa9790742995762bdeb6f739270edce7367b,,,2026-06-11T18:07:18+00:00,
pdf_000873,200_certificate_of_analysis.pdf,approved_pdfs/200_certificate_of_analysis.pdf,approved_pdfs,approved,certificate_of_analysis,214835,0.205,2f6fadebef400789250b06345d1e4556b0bfca189d452c09f9d05862f9fef119,,,2026-06-11T18:07:18+00:00,
pdf_000874,201_certificate_of_analysis.pdf,approved_pdfs/201_certificate_of_analysis.pdf,approved_pdfs,approved,certificate_of_analysis,367821,0.351,a0c36672ea459b1cc6663160f34c9f4844a93367fb406a130f0b06a9c58f29b7,,,2026-06-11T18:07:18+00:00,
pdf_000875,202_certificate_of_analysis.pdf,approved_pdfs/202_certificate_of_analysis.pdf,approved_pdfs,approved,certificate_of_analysis,430951,0.411,024ded078fbc4968ee5b8e397b0b66667c9bc848dc83fbb34631a9cedd45aabe,,,2026-06-11T18:07:18+00:00,
pdf_000876,216_certificate_of_analysis.pdf,approved_pdfs/216_certificate_of_analysis.pdf,approved_pdfs,approved,certificate_of_analysis,449828,0.429,ad377c097767f7841136aebf8a647b3cb0d311bcc26bda2d1e898ad1ee243b67,,,2026-06-11T18:07:18+00:00,
pdf_000877,273_medical_doctor_note.pdf,approved_pdfs/273_medical_doctor_note.pdf,approved_pdfs,approved,medical_doctor_note,782564,0.746,44b2aaba16fbe85b079a88f5d4216e9fb4ab492578c7d1316d075cb65c6b295f,,,2026-06-11T18:07:18+00:00,
pdf_000878,294_medical_doctor_note.pdf,approved_pdfs/294_medical_doctor_note.pdf,approved_pdfs,approved,medical_doctor_note,334543,0.319,b14275736d6b239fa2daa8cd50f540e95dc2308f3ef62b278032ae9a82940233,,,2026-06-11T18:07:18+00:00,
pdf_000879,339_logistics_financial.pdf,approved_pdfs/339_logistics_financial.pdf,approved_pdfs,approved,logistics_financial,80237,0.077,27a5ce5f529e91d7a9ca81fe644f36a86292d1618f346f78c595adc70ecbb4c8,,,2026-06-11T18:07:18+00:00,
pdf_000880,341_logistics_financial.pdf,approved_pdfs/341_logistics_financial.pdf,approved_pdfs,approved,logistics_financial,462163,0.441,c525aa692f552dc208b531a4123d1f63a2bb633e1fb4ed91391312a713d77edc,,,2026-06-11T18:07:18+00:00,
pdf_000881,348_logistics_financial.pdf,approved_pdfs/348_logistics_financial.pdf,approved_pdfs,approved,logistics_financial,784033,0.748,67a449e0e65657fef9f84cf3e256fba56b1c7456a8834a177b26af21f92175a2,,,2026-06-11T18:07:18+00:00,
pdf_000882,366_logistics_financial.pdf,approved_pdfs/366_logistics_financial.pdf,approved_pdfs,approved,logistics_financial,198369,0.189,658a34daf09068c1f55bbe8778a94e2e35844eac26812b8be00f802d28f952ad,,,2026-06-11T18:07:18+00:00,
pdf_000883,369_logistics_financial.pdf,approved_pdfs/369_logistics_financial.pdf,approved_pdfs,approved,logistics_financial,568926,0.543,157f186d0c2a9a009daa4a3bcc1b81be29edcb7c2952a7495e023b23313a2ff3,,,2026-06-11T18:07:18+00:00,
pdf_000884,371_handwritten.pdf,approved_pdfs/371_handwritten.pdf,approved_pdfs,approved,handwritten,411741,0.393,3dff1ca7d65e593392cf70f5ecc43e025d51b0b454be37f73f541183d9cd765a,,,2026-06-11T18:07:18+00:00,
pdf_000885,376_handwritten.pdf,approved_pdfs/376_handwritten.pdf,approved_pdfs,approved,handwritten,765681,0.730,2d1e011d5053dfd2ddf5845bb0bc322465565ede21c9d8fbd7e24268363a0165,,,2026-06-11T18:07:18+00:00,
pdf_000886,397_handwritten.pdf,approved_pdfs/397_handwritten.pdf,approved_pdfs,approved,handwritten,189821,0.181,5420291a17f842aaa333b694dee164d63e48f63be0a4542987f95e836d712506,,,2026-06-11T18:07:18+00:00,
pdf_000887,400_handwritten.pdf,approved_pdfs/400_handwritten.pdf,approved_pdfs,approved,handwritten,102562,0.098,fabf15e6209f69cc7a3addd4c5bb6f7025c2d94e354e46f1351a74286ceeaeb9,,,2026-06-11T18:07:18+00:00,
pdf_000888,403_handwritten.pdf,approved_pdfs/403_handwritten.pdf,approved_pdfs,approved,handwritten,267590,0.255,a62dafd708afffb460bdeed3ac2b68ee7dbb78a56b4cfb5af492734f37ac5bcc,,,2026-06-11T18:07:18+00:00,
pdf_000889,444_handwritten.pdf,approved_pdfs/444_handwritten.pdf,approved_pdfs,approved,handwritten,342788,0.327,afa83bb8bc202f4f8ba67f2c2d7933640fe0df595fdee569139912fdcddfce97,,,2026-06-11T18:07:18+00:00,
pdf_000890,479_handwritten.pdf,approved_pdfs/479_handwritten.pdf,approved_pdfs,approved,handwritten,192068,0.183,0eece012b9c111e013838b28a9151e94a0ee7a1b1af139b90a540ec9da46ee7e,,,2026-06-11T18:07:18+00:00,
pdf_000891,069_contract_single_left.pdf,prepared_pdfs/069_contract_single_left.pdf,prepared_pdfs,prepared,contract,213087,0.203,defe3f6d7d1405e448e143cd51571b15f19ad9a8239eabf499ef714fed8d80f0,,,2026-06-11T18:07:18+00:00,
pdf_000892,!006_financial_environmental_report.pdf,prepared_pdfs/handfill_ready/!006_financial_environmental_report.pdf,prepared_pdfs,prepared,financial_environmental_report,411711,0.393,9f048a9d082af7dcd5a703324eeb0cc94ab5c11b11660195f94d42fc11c9b447,,,2026-06-11T18:07:18+00:00,
pdf_000893,009_financial_environmental_report.pdf,prepared_pdfs/handfill_ready/009_financial_environmental_report.pdf,prepared_pdfs,prepared,financial_environmental_report,408182,0.389,af83c8c4c6f8201a36bbd31984e919f8218b750ad6117f5b0601c572effede30,,,2026-06-11T18:07:18+00:00,
pdf_000894,016_financial_environmental_report.pdf,prepared_pdfs/handfill_ready/016_financial_environmental_report.pdf,prepared_pdfs,prepared,financial_environmental_report,213563,0.204,9b919b082be3100dc54186a8f31c02c2654ac17ed874bd4c438b5a2448c26a74,,,2026-06-11T18:07:18+00:00,
pdf_000895,069_contract.pdf,prepared_pdfs/handfill_ready/069_contract.pdf,prepared_pdfs,prepared,contract,225798,0.215,45ec64c354888672fdc1e67076d6a7cc2b2a3f159f542e1103cff2524dca3fc0,,,2026-06-11T18:07:18+00:00,
pdf_000896,075_contract.pdf,prepared_pdfs/handfill_ready/075_contract.pdf,prepared_pdfs,prepared,contract,327302,0.312,2410d4b84a048fdb8e80147fdacd0652a38d788cf34199ba26722ff8faf7b43c,,,2026-06-11T18:07:18+00:00,
pdf_000897,098_financial_environmental_report.pdf,prepared_pdfs/handfill_ready/098_financial_environmental_report.pdf,prepared_pdfs,prepared,financial_environmental_report,65315,0.062,8a88f7ec8b6557a7ea197e508f122fa429219cc20582330ef6d78dc9e877037b,,,2026-06-11T18:07:18+00:00,
pdf_000898,131_financial_environmental_report.pdf,prepared_pdfs/handfill_ready/131_financial_environmental_report.pdf,prepared_pdfs,prepared,financial_environmental_report,98928,0.094,ff90baa711f62a17c416b443a4897e0744f970535926859553e6195fa715da8c,,,2026-06-11T18:07:18+00:00,
pdf_000899,169_receipt.pdf,prepared_pdfs/handfill_ready/169_receipt.pdf,prepared_pdfs,prepared,receipt,230283,0.220,3d4ba75d3037739cefac2292c61e49702d2872baf2c87fb6125fb14ab54e241e,,,2026-06-11T18:07:18+00:00,
pdf_000900,178_certificate_of_analysis.pdf,prepared_pdfs/handfill_ready/178_certificate_of_analysis.pdf,prepared_pdfs,prepared,certificate_of_analysis,388860,0.371,0b66c0f871378b62e88d88a1aa671f3df9402cbd0b77b31dd766f4ca46c653f7,,,2026-06-11T18:07:18+00:00,
pdf_000901,183_certificate_of_analysis.pdf,prepared_pdfs/handfill_ready/183_certificate_of_analysis.pdf,prepared_pdfs,prepared,certificate_of_analysis,445804,0.425,fb9ad35b699a782fb2a71ea7288f3307934eb8cab36e5cda424dba6ce187cc9a,,,2026-06-11T18:07:18+00:00,
pdf_000902,186_receipt.pdf,prepared_pdfs/handfill_ready/186_receipt.pdf,prepared_pdfs,prepared,receipt,267472,0.255,32e2f520a06c310fb7b01a1d260a644b0ce43771a0495a10067946b8b58f7685,,,2026-06-11T18:07:18+00:00,
pdf_000903,192_receipt.pdf,prepared_pdfs/handfill_ready/192_receipt.pdf,prepared_pdfs,prepared,receipt,558622,0.533,efb0374aa801b876e8875eea578334d7c6916bfd367ca0f74ef10bee3e757715,,,2026-06-11T18:07:18+00:00,
pdf_000904,196_certificate_of_analysis.pdf,prepared_pdfs/handfill_ready/196_certificate_of_analysis.pdf,prepared_pdfs,prepared,certificate_of_analysis,360379,0.344,6845e1f770b1937a1e1fc54cee5c7e5debf021422d5a8ebaa870514a94a2a065,,,2026-06-11T18:07:18+00:00,
pdf_000905,202_certificate_of_analysis.pdf,prepared_pdfs/handfill_ready/202_certificate_of_analysis.pdf,prepared_pdfs,prepared,certificate_of_analysis,430951,0.411,024ded078fbc4968ee5b8e397b0b66667c9bc848dc83fbb34631a9cedd45aabe,,,2026-06-11T18:07:18+00:00,
pdf_000906,212_certificate_of_analysis.pdf,prepared_pdfs/handfill_ready/212_certificate_of_analysis.pdf,prepared_pdfs,prepared,certificate_of_analysis,471897,0.450,8e124181035bf6d67a657421e071fa9790742995762bdeb6f739270edce7367b,,,2026-06-11T18:07:18+00:00,
pdf_000907,216_certificate_of_analysis.pdf,prepared_pdfs/handfill_ready/216_certificate_of_analysis.pdf,prepared_pdfs,prepared,certificate_of_analysis,449828,0.429,ad377c097767f7841136aebf8a647b3cb0d311bcc26bda2d1e898ad1ee243b67,,,2026-06-11T18:07:18+00:00,
pdf_000908,217_certificate_of_analysis.pdf,prepared_pdfs/handfill_ready/217_certificate_of_analysis.pdf,prepared_pdfs,prepared,certificate_of_analysis,337831,0.322,b45d531c992fecb721fdaa29c598d3e6e602dbfc73b9a739b950c70e6a2d1f84,,,2026-06-11T18:07:18+00:00,
pdf_000909,314_medical_doctor_note.pdf,prepared_pdfs/handfill_ready/314_medical_doctor_note.pdf,prepared_pdfs,prepared,medical_doctor_note,334543,0.319,b14275736d6b239fa2daa8cd50f540e95dc2308f3ef62b278032ae9a82940233,,,2026-06-11T18:07:18+00:00,
pdf_000910,334_logistics_financial.pdf,prepared_pdfs/handfill_ready/334_logistics_financial.pdf,prepared_pdfs,prepared,logistics_financial,367055,0.350,6f8f99370ce228e23f9d67765ed6cfd2cee842be91c7b2944fca90e75d11efc1,,,2026-06-11T18:07:18+00:00,
pdf_000911,340_logistics_financial.pdf,prepared_pdfs/handfill_ready/340_logistics_financial.pdf,prepared_pdfs,prepared,logistics_financial,194824,0.186,7ba1f2c2adbc23c41202e1664cb9dc5f17b6e026bd24b244231a19d594631ba1,,,2026-06-11T18:07:18+00:00,
pdf_000912,359_logistics_financial.pdf,prepared_pdfs/handfill_ready/359_logistics_financial.pdf,prepared_pdfs,prepared,logistics_financial,80237,0.077,27a5ce5f529e91d7a9ca81fe644f36a86292d1618f346f78c595adc70ecbb4c8,,,2026-06-11T18:07:18+00:00,
pdf_000913,362_logistics_financial.pdf,prepared_pdfs/handfill_ready/362_logistics_financial.pdf,prepared_pdfs,prepared,logistics_financial,462163,0.441,c525aa692f552dc208b531a4123d1f63a2bb633e1fb4ed91391312a713d77edc,,,2026-06-11T18:07:18+00:00,
pdf_000914,366_logistics_financial.pdf,prepared_pdfs/handfill_ready/366_logistics_financial.pdf,prepared_pdfs,prepared,logistics_financial,198369,0.189,658a34daf09068c1f55bbe8778a94e2e35844eac26812b8be00f802d28f952ad,,,2026-06-11T18:07:18+00:00,
pdf_000915,368_logistics_financial.pdf,prepared_pdfs/handfill_ready/368_logistics_financial.pdf,prepared_pdfs,prepared,logistics_financial,784033,0.748,67a449e0e65657fef9f84cf3e256fba56b1c7456a8834a177b26af21f92175a2,,,2026-06-11T18:07:18+00:00,
pdf_000916,069_contract_single_left.pdf,prepared_pdfs/handfill_ready_priority/069_contract_single_left.pdf,prepared_pdfs,prepared,contract,213087,0.203,defe3f6d7d1405e448e143cd51571b15f19ad9a8239eabf499ef714fed8d80f0,,,2026-06-11T18:07:18+00:00,
pdf_000917,075_contract.pdf,prepared_pdfs/handfill_ready_priority/075_contract.pdf,prepared_pdfs,prepared,contract,327302,0.312,2410d4b84a048fdb8e80147fdacd0652a38d788cf34199ba26722ff8faf7b43c,,,2026-06-11T18:07:18+00:00,
pdf_000918,169_receipt.pdf,prepared_pdfs/handfill_ready_priority/169_receipt.pdf,prepared_pdfs,prepared,receipt,230283,0.220,3d4ba75d3037739cefac2292c61e49702d2872baf2c87fb6125fb14ab54e241e,,,2026-06-11T18:07:18+00:00,
pdf_000919,186_receipt.pdf,prepared_pdfs/handfill_ready_priority/186_receipt.pdf,prepared_pdfs,prepared,receipt,267472,0.255,32e2f520a06c310fb7b01a1d260a644b0ce43771a0495a10067946b8b58f7685,,,2026-06-11T18:07:18+00:00,
pdf_000920,202_certificate_of_analysis.pdf,prepared_pdfs/handfill_ready_priority/202_certificate_of_analysis.pdf,prepared_pdfs,prepared,certificate_of_analysis,430951,0.411,024ded078fbc4968ee5b8e397b0b66667c9bc848dc83fbb34631a9cedd45aabe,,,2026-06-11T18:07:18+00:00,
pdf_000921,212_certificate_of_analysis.pdf,prepared_pdfs/handfill_ready_priority/212_certificate_of_analysis.pdf,prepared_pdfs,prepared,certificate_of_analysis,471897,0.450,8e124181035bf6d67a657421e071fa9790742995762bdeb6f739270edce7367b,,,2026-06-11T18:07:18+00:00,
pdf_000922,340_logistics_financial.pdf,prepared_pdfs/handfill_ready_priority/340_logistics_financial.pdf,prepared_pdfs,prepared,logistics_financial,194824,0.186,7ba1f2c2adbc23c41202e1664cb9dc5f17b6e026bd24b244231a19d594631ba1,,,2026-06-11T18:07:18+00:00,
pdf_000923,359_logistics_financial.pdf,prepared_pdfs/handfill_ready_priority/359_logistics_financial.pdf,prepared_pdfs,prepared,logistics_financial,80237,0.077,27a5ce5f529e91d7a9ca81fe644f36a86292d1618f346f78c595adc70ecbb4c8,,,2026-06-11T18:07:18+00:00,
pdf_000924,366_logistics_financial.pdf,prepared_pdfs/handfill_ready_priority/366_logistics_financial.pdf,prepared_pdfs,prepared,logistics_financial,198369,0.189,658a34daf09068c1f55bbe8778a94e2e35844eac26812b8be00f802d28f952ad,,,2026-06-11T18:07:18+00:00,
pdf_000925,368_logistics_financial.pdf,prepared_pdfs/handfill_ready_priority/368_logistics_financial.pdf,prepared_pdfs,prepared,logistics_financial,784033,0.748,67a449e0e65657fef9f84cf3e256fba56b1c7456a8834a177b26af21f92175a2,,,2026-06-11T18:07:18+00:00,
pdf_000926,169_receipt.pdf,prepared_pdfs/two_page_short_second_page/169_receipt.pdf,prepared_pdfs,prepared,receipt,230283,0.220,3d4ba75d3037739cefac2292c61e49702d2872baf2c87fb6125fb14ab54e241e,,,2026-06-11T18:07:18+00:00,
pdf_000927,366_logistics_financial.pdf,prepared_pdfs/two_page_short_second_page/366_logistics_financial.pdf,prepared_pdfs,prepared,logistics_financial,198369,0.189,658a34daf09068c1f55bbe8778a94e2e35844eac26812b8be00f802d28f952ad,,,2026-06-11T18:07:18+00:00,
pdf_000928,368_logistics_financial.pdf,prepared_pdfs/two_page_short_second_page/368_logistics_financial.pdf,prepared_pdfs,prepared,logistics_financial,784033,0.748,67a449e0e65657fef9f84cf3e256fba56b1c7456a8834a177b26af21f92175a2,,,2026-06-11T18:07:18+00:00,
pdf_000929,186_receipt_handfilled_sample_001.pdf,generated_pdfs/186_receipt_handfilled_sample_001.pdf,generated_pdfs,generated,receipt,522891,0.499,c3e6f1a5c9b1adebe936ced99170144f16dd870bdaa7d9d61e79d95d0b0c96a6,,,2026-06-11T18:07:18+00:00,
pdf_000930,100_financial_environmental_report.pdf,duplicates_removed/prepared_pdfs/handfill_ready/100_financial_environmental_report.pdf,duplicates_removed,duplicate_working,financial_environmental_report,408182,0.389,af83c8c4c6f8201a36bbd31984e919f8218b750ad6117f5b0601c572effede30,,,2026-06-11T18:07:18+00:00,
pdf_000931,120_financial_environmental_report.pdf,duplicates_removed/prepared_pdfs/handfill_ready/120_financial_environmental_report.pdf,duplicates_removed,duplicate_working,financial_environmental_report,213563,0.204,9b919b082be3100dc54186a8f31c02c2654ac17ed874bd4c438b5a2448c26a74,,,2026-06-11T18:07:18+00:00,
pdf_000932,191_receipt.pdf,duplicates_removed/prepared_pdfs/handfill_ready/191_receipt.pdf,duplicates_removed,duplicate_working,receipt,267472,0.255,32e2f520a06c310fb7b01a1d260a644b0ce43771a0495a10067946b8b58f7685,,,2026-06-11T18:07:18+00:00,
pdf_000933,227_certificate_of_analysis.pdf,duplicates_removed/prepared_pdfs/handfill_ready/227_certificate_of_analysis.pdf,duplicates_removed,duplicate_working,certificate_of_analysis,337831,0.322,b45d531c992fecb721fdaa29c598d3e6e602dbfc73b9a739b950c70e6a2d1f84,,,2026-06-11T18:07:18+00:00,
pdf_000934,355_logistics_financial.pdf,duplicates_removed/prepared_pdfs/handfill_ready/355_logistics_financial.pdf,duplicates_removed,duplicate_working,logistics_financial,367055,0.350,6f8f99370ce228e23f9d67765ed6cfd2cee842be91c7b2944fca90e75d11efc1,,,2026-06-11T18:07:18+00:00,
pdf_000935,360_logistics_financial.pdf,duplicates_removed/prepared_pdfs/handfill_ready/360_logistics_financial.pdf,duplicates_removed,duplicate_working,logistics_financial,194824,0.186,7ba1f2c2adbc23c41202e1664cb9dc5f17b6e026bd24b244231a19d594631ba1,,,2026-06-11T18:07:18+00:00,
pdf_000936,374_logistics_financial.pdf,duplicates_removed/prepared_pdfs/handfill_ready/374_logistics_financial.pdf,duplicates_removed,duplicate_working,logistics_financial,80237,0.077,27a5ce5f529e91d7a9ca81fe644f36a86292d1618f346f78c595adc70ecbb4c8,,,2026-06-11T18:07:18+00:00,
pdf_000937,375_logistics_financial.pdf,duplicates_removed/prepared_pdfs/handfill_ready/375_logistics_financial.pdf,duplicates_removed,duplicate_working,logistics_financial,462163,0.441,c525aa692f552dc208b531a4123d1f63a2bb633e1fb4ed91391312a713d77edc,,,2026-06-11T18:07:18+00:00,
pdf_000938,382_logistics_financial.pdf,duplicates_removed/prepared_pdfs/handfill_ready/382_logistics_financial.pdf,duplicates_removed,duplicate_working,logistics_financial,784033,0.748,67a449e0e65657fef9f84cf3e256fba56b1c7456a8834a177b26af21f92175a2,,,2026-06-11T18:07:18+00:00,
pdf_000939,191_receipt.pdf,duplicates_removed/prepared_pdfs/handfill_ready_priority/191_receipt.pdf,duplicates_removed,duplicate_working,receipt,267472,0.255,32e2f520a06c310fb7b01a1d260a644b0ce43771a0495a10067946b8b58f7685,,,2026-06-11T18:07:18+00:00,
pdf_000940,360_logistics_financial.pdf,duplicates_removed/prepared_pdfs/handfill_ready_priority/360_logistics_financial.pdf,duplicates_removed,duplicate_working,logistics_financial,194824,0.186,7ba1f2c2adbc23c41202e1664cb9dc5f17b6e026bd24b244231a19d594631ba1,,,2026-06-11T18:07:18+00:00,
pdf_000941,374_logistics_financial.pdf,duplicates_removed/prepared_pdfs/handfill_ready_priority/374_logistics_financial.pdf,duplicates_removed,duplicate_working,logistics_financial,80237,0.077,27a5ce5f529e91d7a9ca81fe644f36a86292d1618f346f78c595adc70ecbb4c8,,,2026-06-11T18:07:18+00:00,
pdf_000942,382_logistics_financial.pdf,duplicates_removed/prepared_pdfs/handfill_ready_priority/382_logistics_financial.pdf,duplicates_removed,duplicate_working,logistics_financial,784033,0.748,67a449e0e65657fef9f84cf3e256fba56b1c7456a8834a177b26af21f92175a2,,,2026-06-11T18:07:18+00:00,
pdf_000943,191_receipt.pdf,duplicates_removed/selected_one_page_handfill_candidates/191_receipt.pdf,duplicates_removed,duplicate_working,receipt,267472,0.255,32e2f520a06c310fb7b01a1d260a644b0ce43771a0495a10067946b8b58f7685,,,2026-06-11T18:07:18+00:00,
pdf_000944,360_logistics_financial.pdf,duplicates_removed/selected_one_page_handfill_candidates/360_logistics_financial.pdf,duplicates_removed,duplicate_working,logistics_financial,194824,0.186,7ba1f2c2adbc23c41202e1664cb9dc5f17b6e026bd24b244231a19d594631ba1,,,2026-06-11T18:07:18+00:00,
pdf_000945,374_logistics_financial.pdf,duplicates_removed/selected_one_page_handfill_candidates/374_logistics_financial.pdf,duplicates_removed,duplicate_working,logistics_financial,80237,0.077,27a5ce5f529e91d7a9ca81fe644f36a86292d1618f346f78c595adc70ecbb4c8,,,2026-06-11T18:07:18+00:00,
pdf_000946,120_handwritten.pdf,duplicates_removed_visual/downloads/120_handwritten.pdf,duplicates_removed_visual,duplicate_working,handwritten,1191800,1.137,6950e7f8207979d285a2f7dee33d77330f9566ffacbef302f5ae6db0406a876f,,,2026-06-11T18:07:18+00:00,
pdf_000947,158_receipt.pdf,duplicates_removed_visual/downloads/158_receipt.pdf,duplicates_removed_visual,duplicate_working,receipt,2590585,2.471,cdbea9f390c0792831f8c8b1a9406bc74924fc50a860d88cc7f0515fee50c908,,,2026-06-11T18:07:18+00:00,
pdf_000948,181_receipt.pdf,duplicates_removed_visual/downloads/181_receipt.pdf,duplicates_removed_visual,duplicate_working,receipt,380540,0.363,696f06357c5dac96f07aabb4687a9cc5b3d89a47881e4cc44f4b5fa4b9996fcb,,,2026-06-11T18:07:18+00:00,
pdf_000949,188_receipt.pdf,duplicates_removed_visual/downloads/188_receipt.pdf,duplicates_removed_visual,duplicate_working,receipt,380540,0.363,53289e13150423f00603fe9b26f128150cd0db1eb91de1fe1c64b3255409ae95,,,2026-06-11T18:07:18+00:00,
pdf_000950,325_logistics_financial.pdf,duplicates_removed_visual/downloads/325_logistics_financial.pdf,duplicates_removed_visual,duplicate_working,logistics_financial,4256,0.004,7c9871e1f06d37884cf9f5058daf376bca068b12c469f56e9220b8472e6cca55,,,2026-06-11T18:07:18+00:00,
pdf_000951,348_logistics_financial.pdf,duplicates_removed_visual/downloads/348_logistics_financial.pdf,duplicates_removed_visual,duplicate_working,logistics_financial,4256,0.004,da00a3e258890023619436ba3991851bd2137cb1400deeb18b9f1d537c8d8b46,,,2026-06-11T18:07:18+00:00,
pdf_000952,395_handwritten.pdf,duplicates_removed_visual/downloads/395_handwritten.pdf,duplicates_removed_visual,duplicate_working,handwritten,415147,0.396,10f7b9320fb27b302dbfad6e2526ae7478f68a0660e37c4d656e3d7f5a7235ce,,,2026-06-11T18:07:18+00:00,
pdf_000953,457_handwritten.pdf,duplicates_removed_visual/downloads/457_handwritten.pdf,duplicates_removed_visual,duplicate_working,handwritten,415147,0.396,07566b232fcdebf5e848a4c782e22c4ab55fff4b4054d9978ca7d3261dae3f63,,,2026-06-11T18:07:18+00:00,
pdf_000954,465_handwritten.pdf,duplicates_removed_visual/downloads/465_handwritten.pdf,duplicates_removed_visual,duplicate_working,handwritten,1359757,1.297,1a1ce0237b0e53e02d9ba09b9c3968aa83e628bfb1ca3b4417f07de04ce2b343,,,2026-06-11T18:07:18+00:00,
pdf_000955,469_handwritten.pdf,duplicates_removed_visual/downloads/469_handwritten.pdf,duplicates_removed_visual,duplicate_working,handwritten,53327,0.051,00c643a9143b741c4cde67ff21afe1f214650984fad1e44bf9275a7f1de5438b,,,2026-06-11T18:07:18+00:00,
pdf_000956,483_handwritten.pdf,duplicates_removed_visual/downloads/483_handwritten.pdf,duplicates_removed_visual,duplicate_working,handwritten,9674663,9.226,4f84927134521f40c9be39fcbda55463c098304cc0c0b249222eb002cef06cce,,,2026-06-11T18:07:18+00:00,
pdf_000957,069_contract.pdf,selected_one_page_handfill_candidates/069_contract.pdf,selected_one_page_handfill_candidates,selected,contract,225798,0.215,45ec64c354888672fdc1e67076d6a7cc2b2a3f159f542e1103cff2524dca3fc0,,,2026-06-11T18:07:18+00:00,
pdf_000958,075_contract.pdf,selected_one_page_handfill_candidates/075_contract.pdf,selected_one_page_handfill_candidates,selected,contract,327302,0.312,2410d4b84a048fdb8e80147fdacd0652a38d788cf34199ba26722ff8faf7b43c,,,2026-06-11T18:07:18+00:00,
pdf_000959,186_receipt.pdf,selected_one_page_handfill_candidates/186_receipt.pdf,selected_one_page_handfill_candidates,selected,receipt,267472,0.255,32e2f520a06c310fb7b01a1d260a644b0ce43771a0495a10067946b8b58f7685,,,2026-06-11T18:07:18+00:00,
pdf_000960,202_certificate_of_analysis.pdf,selected_one_page_handfill_candidates/202_certificate_of_analysis.pdf,selected_one_page_handfill_candidates,selected,certificate_of_analysis,430951,0.411,024ded078fbc4968ee5b8e397b0b66667c9bc848dc83fbb34631a9cedd45aabe,,,2026-06-11T18:07:18+00:00,
pdf_000961,212_certificate_of_analysis.pdf,selected_one_page_handfill_candidates/212_certificate_of_analysis.pdf,selected_one_page_handfill_candidates,selected,certificate_of_analysis,471897,0.450,8e124181035bf6d67a657421e071fa9790742995762bdeb6f739270edce7367b,,,2026-06-11T18:07:18+00:00,
pdf_000962,340_logistics_financial.pdf,selected_one_page_handfill_candidates/340_logistics_financial.pdf,selected_one_page_handfill_candidates,selected,logistics_financial,194824,0.186,7ba1f2c2adbc23c41202e1664cb9dc5f17b6e026bd24b244231a19d594631ba1,,,2026-06-11T18:07:18+00:00,
pdf_000963,359_logistics_financial.pdf,selected_one_page_handfill_candidates/359_logistics_financial.pdf,selected_one_page_handfill_candidates,selected,logistics_financial,80237,0.077,27a5ce5f529e91d7a9ca81fe644f36a86292d1618f346f78c595adc70ecbb4c8,,,2026-06-11T18:07:18+00:00,
pdf_000964,016_handwritten-like_p002.pdf,selected_pradeep_single_pages/016_handwritten-like_p002.pdf,selected_pradeep_single_pages,selected,handwritten,126230,0.120,74f14cfacb5bc34fc3ef773823bc1e247e4b6002134ea6ac40556c200ee6f8bb,,,2026-06-11T18:07:18+00:00,
pdf_000965,016_handwritten-like_p003.pdf,selected_pradeep_single_pages/016_handwritten-like_p003.pdf,selected_pradeep_single_pages,selected,handwritten,122243,0.117,aa23813c09027cc4bd2564c31ab8710c2e28596c014b1819e3eb9a6dfd88fb23,,,2026-06-11T18:07:18+00:00,
pdf_000966,080_official_dense_p003.pdf,selected_pradeep_single_pages/080_official_dense_p003.pdf,selected_pradeep_single_pages,selected,official_dense,238580,0.228,4b5059e45c2d79ab064e936f3e4492b88198c477c2e109bdb98a214220d4952c,,,2026-06-11T18:07:18+00:00,
pdf_000967,080_official_dense_p005.pdf,selected_pradeep_single_pages/080_official_dense_p005.pdf,selected_pradeep_single_pages,selected,official_dense,202042,0.193,715422909d1df6fc2a434c6daf3d62d0f897624e83fac0478c8f68afbd7a1b80,,,2026-06-11T18:07:18+00:00,
pdf_000968,080_official_dense_p006.pdf,selected_pradeep_single_pages/080_official_dense_p006.pdf,selected_pradeep_single_pages,selected,official_dense,207228,0.198,dc6305abe49019b658703ff38f7b1e0f82f5fc502d5e3491b0c550443ce884a1,,,2026-06-11T18:07:18+00:00,
pdf_000969,zbirka-raportiv-dlya-vijskovosluzhbovcziv-2024.pdf,user_provided_documents/zbirka-raportiv-dlya-vijskovosluzhbovcziv-2024.pdf,user_provided_documents,user_provided,,9265376,8.836,7b1f8acad28ceda3dbe4a22b1cbf7d788526a077d1ac13fa32f34cdebf998263,,,2026-06-11T18:07:18+00:00,
pdf_000970,zvil_polon_mobilizovani.pdf,user_provided_documents/zvil_polon_mobilizovani.pdf,user_provided_documents,user_provided,,78449,0.075,9f728fb24e1f87920b4c1a9517f035b81af3dc48d24f2797cddd7f3343a25fa4,,,2026-06-11T18:07:18+00:00,
pdf_000971,042_contract.pdf,output/ocr_gain/selected_pdfs/042_contract.pdf,output/ocr_gain,selected_ocr_gain,contract,361066,0.344,ad5f563c43e44de9e8f7000ca3af9f59a70a597039f3014e91ebafbda92e2350,,,2026-06-11T18:07:18+00:00,
pdf_000972,075_contract.pdf,output/ocr_gain/selected_pdfs/075_contract.pdf,output/ocr_gain,selected_ocr_gain,contract,327302,0.312,2410d4b84a048fdb8e80147fdacd0652a38d788cf34199ba26722ff8faf7b43c,,,2026-06-11T18:07:18+00:00,
pdf_000973,202_certificate_of_analysis.pdf,output/ocr_gain/selected_pdfs/202_certificate_of_analysis.pdf,output/ocr_gain,selected_ocr_gain,certificate_of_analysis,430951,0.411,024ded078fbc4968ee5b8e397b0b66667c9bc848dc83fbb34631a9cedd45aabe,,,2026-06-11T18:07:18+00:00,
pdf_000974,downloads_!!002_contract.pdf,output/ocr_gain/ocr/downloads_!!002_contract.pdf,output/ocr_gain,ocr_generated,contract,544637,0.519,be2405d611da2edcc23dbb2c4f6fd582347f1220441c3cee69cc178ee3c9e393,,,2026-06-11T18:07:18+00:00,
pdf_000975,downloads_042_contract.pdf,output/ocr_gain/ocr/downloads_042_contract.pdf,output/ocr_gain,ocr_generated,contract,1042975,0.995,e77a9be4f1268fb1a57ac5d30e716c8c81518bda69be7a419a672a25844de462,,,2026-06-11T18:07:18+00:00,
pdf_000976,downloads_069_contract.pdf,output/ocr_gain/ocr/downloads_069_contract.pdf,output/ocr_gain,ocr_generated,contract,1098426,1.048,5a722a60b8c810e9d6e5b0ead895213687ee9e6cc4943430b213f22fe65676a2,,,2026-06-11T18:07:18+00:00,
pdf_000977,downloads_073_contract.pdf,output/ocr_gain/ocr/downloads_073_contract.pdf,output/ocr_gain,ocr_generated,contract,833252,0.795,684954877f4ff7de95c708fd01f19ab029f1466062c70c1d66e3a4effbe3a9cf,,,2026-06-11T18:07:18+00:00,
pdf_000978,downloads_075_contract.pdf,output/ocr_gain/ocr/downloads_075_contract.pdf,output/ocr_gain,ocr_generated,contract,803816,0.767,6f14ede7c72e3a271545985f3373c62b45b962c7664e0e6806b98f16f884e1c3,,,2026-06-11T18:07:18+00:00,
pdf_000979,downloads_079_contract.pdf,output/ocr_gain/ocr/downloads_079_contract.pdf,output/ocr_gain,ocr_generated,contract,485805,0.463,9937b1aa1f1cc2dff26d30056b2f884f4557861ef93346277c1b2aeef0d1a55b,,,2026-06-11T18:07:18+00:00,
pdf_000980,downloads_182_certificate_of_analysis.pdf,output/ocr_gain/ocr/downloads_182_certificate_of_analysis.pdf,output/ocr_gain,ocr_generated,certificate_of_analysis,679949,0.648,7b268e16fe99507f8ea71420c8bfcdfb032ea183f6552480c5aef47b90cd5b9b,,,2026-06-11T18:07:18+00:00,
pdf_000981,downloads_202_certificate_of_analysis.pdf,output/ocr_gain/ocr/downloads_202_certificate_of_analysis.pdf,output/ocr_gain,ocr_generated,certificate_of_analysis,2154810,2.055,34e3f9d4380e24694e1498779ab3f269d1bc3513bcd667df43120269b17eeaf8,,,2026-06-11T18:07:18+00:00,
pdf_000982,downloads_239_patient_form.pdf,output/ocr_gain/ocr/downloads_239_patient_form.pdf,output/ocr_gain,ocr_generated,patient_form,1015589,0.969,a56152280be7195b00426324dfb57b5d4b802fb115ac73e6cff9704bcf22cdc4,,,2026-06-11T18:07:18+00:00,
pdf_000983,downloads_pradeep_targeted_single_pages_080_official_dense_p003.pdf,output/ocr_gain/ocr/downloads_pradeep_targeted_single_pages_080_official_dense_p003.pdf,output/ocr_gain,ocr_generated,official_dense,231846,0.221,1520e2cc940cea8f2fae808a58ab089fea36cb52cb5efe40440c338a284b7c5f,,,2026-06-11T18:07:18+00:00,
pdf_000984,downloads_pradeep_targeted_single_pages_080_official_dense_p005.pdf,output/ocr_gain/ocr/downloads_pradeep_targeted_single_pages_080_official_dense_p005.pdf,output/ocr_gain,ocr_generated,official_dense,172405,0.164,3c60c5846aeccf75874d42ae83f4ac4b41b9f0a561ac36a0d81a98557aff7221,,,2026-06-11T18:07:18+00:00,
pdf_000985,downloads_pradeep_targeted_single_pages_080_official_dense_p006.pdf,output/ocr_gain/ocr/downloads_pradeep_targeted_single_pages_080_official_dense_p006.pdf,output/ocr_gain,ocr_generated,official_dense,165814,0.158,6e0dc0c6fb1401c5958661900b7095fc6e77383ea7425291442c34dd2523a3e8,,,2026-06-11T18:07:18+00:00,
pdf_000986,001_handwritten-like_ocr.pdf,output/pradeep_targeted_ocr/001_handwritten-like_ocr.pdf,output/pradeep_targeted_ocr,ocr_generated,handwritten,320719,0.306,859c7752e9c1009c00f0c5122ee7cc328eb80c19cbeec341911035a0da7df76e,,,2026-06-11T18:07:18+00:00,
pdf_000987,004_handwritten-like_ocr.pdf,output/pradeep_targeted_ocr/004_handwritten-like_ocr.pdf,output/pradeep_targeted_ocr,ocr_generated,handwritten,210659,0.201,eb4dcdd01be64e0e4d63e1680c3232091eb4787e9a4d289df8b5a56478ec0e8f,,,2026-06-11T18:07:18+00:00,
pdf_000988,013_handwritten-like_ocr.pdf,output/pradeep_targeted_ocr/013_handwritten-like_ocr.pdf,output/pradeep_targeted_ocr,ocr_generated,handwritten,55056,0.053,df1be4ff7efb6e23c5205c77615d175637766367c169935e91fa4ec798a44d48,,,2026-06-11T18:07:18+00:00,
pdf_000989,023_handwritten-like_ocr.pdf,output/pradeep_targeted_ocr/023_handwritten-like_ocr.pdf,output/pradeep_targeted_ocr,ocr_generated,handwritten,276599,0.264,bec6e45c501907873e6c4b75814efe12740e9cc864e7e8b4b3a10077c7aaa6c4,,,2026-06-11T18:07:18+00:00,
pdf_000990,024_handwritten-like_ocr.pdf,output/pradeep_targeted_ocr/024_handwritten-like_ocr.pdf,output/pradeep_targeted_ocr,ocr_generated,handwritten,153955,0.147,776aaa33e150a9f7bc3f6ce784b11fbfadbe1a484330fd3b0a4f912364db8b4c,,,2026-06-11T18:07:18+00:00,
pdf_000991,025_handwritten-like_ocr.pdf,output/pradeep_targeted_ocr/025_handwritten-like_ocr.pdf,output/pradeep_targeted_ocr,ocr_generated,handwritten,832254,0.794,787ffa0e8c049a99706c29e7ae23010aeceb50b7593ca59d55883a8cdfc91820,,,2026-06-11T18:07:18+00:00,
pdf_000992,026_handwritten-like_ocr.pdf,output/pradeep_targeted_ocr/026_handwritten-like_ocr.pdf,output/pradeep_targeted_ocr,ocr_generated,handwritten,149398,0.142,1c72490e693950ce4b54ce0a609019f1e2f58f6de144af718975a8c8699206bf,,,2026-06-11T18:07:18+00:00,
pdf_000993,027_handwritten-like_ocr.pdf,output/pradeep_targeted_ocr/027_handwritten-like_ocr.pdf,output/pradeep_targeted_ocr,ocr_generated,handwritten,631332,0.602,02f5bbf5fca9705209a97c35b53a74323b2b18f8cb489399010bd5cba6c08267,,,2026-06-11T18:07:18+00:00,
pdf_000994,028_handwritten-like_ocr.pdf,output/pradeep_targeted_ocr/028_handwritten-like_ocr.pdf,output/pradeep_targeted_ocr,ocr_generated,handwritten,140782,0.134,0a92f8f0ce1a9b0516b8bc27dd0b763fd9f84c4a0eda9b6b9eab18f183d3fd23,,,2026-06-11T18:07:18+00:00,
pdf_000995,050_official_dense_ocr.pdf,output/pradeep_targeted_ocr/050_official_dense_ocr.pdf,output/pradeep_targeted_ocr,ocr_generated,official_dense,541740,0.517,4726ca801076a0b1408548c90e9311d405eef7a32e6e71938201c93f12d6fee2,,,2026-06-11T18:07:18+00:00,
pdf_000996,081_official_dense_ocr.pdf,output/pradeep_targeted_ocr/081_official_dense_ocr.pdf,output/pradeep_targeted_ocr,ocr_generated,official_dense,5573907,5.316,becb1669ca155e45c177e374990c79c4b6d2217eb9e3dc728ac5d765724c00b9,,,2026-06-11T18:07:18+00:00,
pdf_000997,086_official_dense_ocr.pdf,output/pradeep_targeted_ocr/086_official_dense_ocr.pdf,output/pradeep_targeted_ocr,ocr_generated,official_dense,1818234,1.734,dce2d2909a74ce0baa84d2b97277c63de0b33ba5629cc5b6c6ca5e9765d7eaf1,,,2026-06-11T18:07:18+00:00,
pdf_000998,112_printed_dense_ocr.pdf,output/pradeep_targeted_ocr/112_printed_dense_ocr.pdf,output/pradeep_targeted_ocr,ocr_generated,printed_dense,166407,0.159,0902e88aba8fae1bc67eb510f231d73844f4a54569668059ce7e896c7f5cd3b0,,,2026-06-11T18:07:18+00:00,
pdf_000999,128_printed_dense_ocr.pdf,output/pradeep_targeted_ocr/128_printed_dense_ocr.pdf,output/pradeep_targeted_ocr,ocr_generated,printed_dense,3539674,3.376,f354886595489058a0ef6d97c84dfdc385658b101e5b916d89444fba568b5927,,,2026-06-11T18:07:18+00:00,
pdf_001000,131_printed_dense_ocr.pdf,output/pradeep_targeted_ocr/131_printed_dense_ocr.pdf,output/pradeep_targeted_ocr,ocr_generated,printed_dense,1279804,1.221,0fa3e6fbd35982f4657ed9dee945b1f445fbed10daba12f8e13cda4e64b101b1,,,2026-06-11T18:07:18+00:00,
pdf_001001,141_printed_dense_ocr.pdf,output/pradeep_targeted_ocr/141_printed_dense_ocr.pdf,output/pradeep_targeted_ocr,ocr_generated,printed_dense,9325885,8.894,d72713162ae2409713800e1638f3ff9b6a427358034324bd20753f124e656b44,,,2026-06-11T18:07:18+00:00,
pdf_001002,148_printed_dense_ocr.pdf,output/pradeep_targeted_ocr/148_printed_dense_ocr.pdf,output/pradeep_targeted_ocr,ocr_generated,printed_dense,743637,0.709,bd50ca67ef4e3bd69faaa36a7ef98e94ecac1e6b942eabcb555e8f64c402625f,,,2026-06-11T18:07:18+00:00,
pdf_001003,149_printed_dense_ocr.pdf,output/pradeep_targeted_ocr/149_printed_dense_ocr.pdf,output/pradeep_targeted_ocr,ocr_generated,printed_dense,584808,0.558,c6cccba4ba4e80ea72730c86c197c768f8f71cb830f2a207130853f3b4e33797,,,2026-06-11T18:07:18+00:00,
pdf_001004,150_printed_dense_ocr.pdf,output/pradeep_targeted_ocr/150_printed_dense_ocr.pdf,output/pradeep_targeted_ocr,ocr_generated,printed_dense,2271221,2.166,fd518f05447b023f06229f1acfb94ca593bf3cb29716c94d887585ae013099f3,,,2026-06-11T18:07:18+00:00,
pdf_001005,existing_downloads_032_receipt_ocr.pdf,output/pradeep_targeted_ocr/existing_downloads_032_receipt_ocr.pdf,output/pradeep_targeted_ocr,ocr_generated,receipt,98777,0.094,8337428e1609a85b78b8e093d539607383ab472a2301b6879e3ef69641e26f40,,,2026-06-11T18:07:18+00:00,
pdf_001006,existing_downloads_046_patient_form_ocr.pdf,output/pradeep_targeted_ocr/existing_downloads_046_patient_form_ocr.pdf,output/pradeep_targeted_ocr,ocr_generated,patient_form,63655,0.061,30897f511bd152330d5ac88dba5c724f31b7165ffe4d10c0da42fbac5eabb074,,,2026-06-11T18:07:18+00:00,
pdf_001007,existing_downloads_048_contract_ocr.pdf,output/pradeep_targeted_ocr/existing_downloads_048_contract_ocr.pdf,output/pradeep_targeted_ocr,ocr_generated,contract,175751,0.168,1a899bb35e1cc82e67f43e775d98de90d70b58b5a701a74d8722f2862bc38308,,,2026-06-11T18:07:18+00:00,
pdf_001008,existing_downloads_051_logistics_financial_ocr.pdf,output/pradeep_targeted_ocr/existing_downloads_051_logistics_financial_ocr.pdf,output/pradeep_targeted_ocr,ocr_generated,logistics_financial,155961,0.149,b71a5f4f55712c3b913669b1da3158f059d23d2258b08c48b90fc9c7725e6942,,,2026-06-11T18:07:18+00:00,
pdf_001009,existing_downloads_055_logistics_financial_ocr.pdf,output/pradeep_targeted_ocr/existing_downloads_055_logistics_financial_ocr.pdf,output/pradeep_targeted_ocr,ocr_generated,logistics_financial,451262,0.430,3d6fea800635a4392b2d3676e2ef504441f84ae291309d4f68179bdfe1a117d3,,,2026-06-11T18:07:18+00:00,
pdf_001010,existing_downloads_057_contract_ocr.pdf,output/pradeep_targeted_ocr/existing_downloads_057_contract_ocr.pdf,output/pradeep_targeted_ocr,ocr_generated,contract,58651,0.056,f9563e40bcbf6baec796dc0bc008b0efe1a8549307787afdada1ee94447cd3d2,,,2026-06-11T18:07:18+00:00,
pdf_001011,existing_downloads_058_contract_ocr.pdf,output/pradeep_targeted_ocr/existing_downloads_058_contract_ocr.pdf,output/pradeep_targeted_ocr,ocr_generated,contract,183995,0.175,e8d46406c34ef665774b4fde8ff7f2d98ee67ab5271f8512588435d6142abef0,,,2026-06-11T18:07:18+00:00,
pdf_001012,existing_downloads_059_contract_ocr.pdf,output/pradeep_targeted_ocr/existing_downloads_059_contract_ocr.pdf,output/pradeep_targeted_ocr,ocr_generated,contract,235730,0.225,093c356d2f70b5c07cc9cf2ea308ae51c9889836467c39953a035cb3131e9a23,,,2026-06-11T18:07:18+00:00,
pdf_001013,existing_downloads_062_contract_ocr.pdf,output/pradeep_targeted_ocr/existing_downloads_062_contract_ocr.pdf,output/pradeep_targeted_ocr,ocr_generated,contract,161458,0.154,95db8d04b37fcbbe3b3f03e4e72c66ca846f583d43e98d124c914f87aa3bc425,,,2026-06-11T18:07:18+00:00,
pdf_001014,existing_downloads_066_handwritten_ocr.pdf,output/pradeep_targeted_ocr/existing_downloads_066_handwritten_ocr.pdf,output/pradeep_targeted_ocr,ocr_generated,handwritten,172439,0.164,60796ddf4d50446a6946964e272c4418d18cc4aa605ea48dc9ac728b8e0dde7e,,,2026-06-11T18:07:18+00:00,
pdf_001015,existing_downloads_073_handwritten_ocr.pdf,output/pradeep_targeted_ocr/existing_downloads_073_handwritten_ocr.pdf,output/pradeep_targeted_ocr,ocr_generated,handwritten,30974,0.030,ae0fb6e907532c2e8320e35f382182c83ed0ffec3cfd5c4fd81afdb0b8b9e4de,,,2026-06-11T18:07:18+00:00,
pdf_001016,existing_downloads_075_handwritten_ocr.pdf,output/pradeep_targeted_ocr/existing_downloads_075_handwritten_ocr.pdf,output/pradeep_targeted_ocr,ocr_generated,handwritten,40967,0.039,369291618ee127d662e7bef5a2473018f740c60c971e29462add7e5e9b4d772e,,,2026-06-11T18:07:18+00:00,
pdf_001017,existing_downloads_080_contract_ocr.pdf,output/pradeep_targeted_ocr/existing_downloads_080_contract_ocr.pdf,output/pradeep_targeted_ocr,ocr_generated,contract,475860,0.454,712e677bb2ac0fd257393b1095d54b148e3516286624c3faebeda671f4e6f92c,,,2026-06-11T18:07:18+00:00,
pdf_001018,existing_downloads_086_handwritten_ocr.pdf,output/pradeep_targeted_ocr/existing_downloads_086_handwritten_ocr.pdf,output/pradeep_targeted_ocr,ocr_generated,handwritten,38481,0.037,6fc92c26adfa7d3eb5ca4c040f8b6d8654a2d2b1bb7b9527a6930b325f17ae3a,,,2026-06-11T18:07:18+00:00,
pdf_001019,existing_downloads_089_handwritten_ocr.pdf,output/pradeep_targeted_ocr/existing_downloads_089_handwritten_ocr.pdf,output/pradeep_targeted_ocr,ocr_generated,handwritten,158900,0.152,b58da6aac0827bd3bfe300eabad33ea18abe7ace45e01e1bcf738e091481cfba,,,2026-06-11T18:07:18+00:00,
pdf_001020,existing_downloads_093_handwritten_ocr.pdf,output/pradeep_targeted_ocr/existing_downloads_093_handwritten_ocr.pdf,output/pradeep_targeted_ocr,ocr_generated,handwritten,144913,0.138,e2ef3d2c55724da1fb30e83020a0590705e047030418f8191dd8f5d8cfecec0e,,,2026-06-11T18:07:18+00:00,
pdf_001021,existing_downloads_132_editable_docs_ocr.pdf,output/pradeep_targeted_ocr/existing_downloads_132_editable_docs_ocr.pdf,output/pradeep_targeted_ocr,ocr_generated,editable_docs,207735,0.198,231ec1b07a582d38a685f01c4093a87e7cf9c9cfadebcfad560f9e04bbff964c,,,2026-06-11T18:07:18+00:00,
pdf_001022,existing_downloads_148_receipt_ocr.pdf,output/pradeep_targeted_ocr/existing_downloads_148_receipt_ocr.pdf,output/pradeep_targeted_ocr,ocr_generated,receipt,220122,0.210,bab25b261d6253b0ce1fb2e911cb4c0bf8a1aee853b3be58ac8e25588bc52384,,,2026-06-11T18:07:18+00:00,
pdf_001023,existing_downloads_149_receipt_ocr.pdf,output/pradeep_targeted_ocr/existing_downloads_149_receipt_ocr.pdf,output/pradeep_targeted_ocr,ocr_generated,receipt,383624,0.366,d5feb0e49a58eafd8b32b2f1b3794270f203fc50ea76c800bb1b4ad0f67c6b1d,,,2026-06-11T18:07:18+00:00,
pdf_001024,existing_downloads_150_receipt_ocr.pdf,output/pradeep_targeted_ocr/existing_downloads_150_receipt_ocr.pdf,output/pradeep_targeted_ocr,ocr_generated,receipt,336750,0.321,551db126051a4daf68568d44eff262fdc03410eb5bc799d967661941ba39e839,,,2026-06-11T18:07:18+00:00,
pdf_001025,existing_downloads_153_financial_environmental_report_ocr.pdf,output/pradeep_targeted_ocr/existing_downloads_153_financial_environmental_report_ocr.pdf,output/pradeep_targeted_ocr,ocr_generated,financial_environmental_report,135122,0.129,140c469aca36879e8ac835cd4b172c799c94e33a255b6fa229ae7d8073120f87,,,2026-06-11T18:07:18+00:00,
pdf_001026,existing_downloads_156_financial_environmental_report_ocr.pdf,output/pradeep_targeted_ocr/existing_downloads_156_financial_environmental_report_ocr.pdf,output/pradeep_targeted_ocr,ocr_generated,financial_environmental_report,211852,0.202,ceb023fe0a159e8d2b38138e5f1ba70884cc1da91f5def09767f8a2582b5df39,,,2026-06-11T18:07:18+00:00,
pdf_001027,existing_downloads_171_receipt_ocr.pdf,output/pradeep_targeted_ocr/existing_downloads_171_receipt_ocr.pdf,output/pradeep_targeted_ocr,ocr_generated,receipt,171682,0.164,001e8f813130472cfe29c673225ba3d47b3e5fe07af7fd717fe9ea317bec4f7f,,,2026-06-11T18:07:18+00:00,
pdf_001028,existing_downloads_177_certificate_of_analysis_ocr.pdf,output/pradeep_targeted_ocr/existing_downloads_177_certificate_of_analysis_ocr.pdf,output/pradeep_targeted_ocr,ocr_generated,certificate_of_analysis,529662,0.505,4362c64460e160d64e463db39b5c47c078885d12ab4e4bf598dd76d4003fda03,,,2026-06-11T18:07:18+00:00,
pdf_001029,existing_downloads_178_receipt_ocr.pdf,output/pradeep_targeted_ocr/existing_downloads_178_receipt_ocr.pdf,output/pradeep_targeted_ocr,ocr_generated,receipt,680571,0.649,c284a1431781d9917b96b5e4069bebdc8931156b88ede4c3ad94225d413ef428,,,2026-06-11T18:07:18+00:00,
pdf_001030,existing_downloads_180_receipt_ocr.pdf,output/pradeep_targeted_ocr/existing_downloads_180_receipt_ocr.pdf,output/pradeep_targeted_ocr,ocr_generated,receipt,510360,0.487,c4455bad8f94346b4b5adc4dfb06a1eb3d6411417df3d9afd710d6dbbfdd89f1,,,2026-06-11T18:07:18+00:00,
pdf_001031,existing_downloads_183_receipt_ocr.pdf,output/pradeep_targeted_ocr/existing_downloads_183_receipt_ocr.pdf,output/pradeep_targeted_ocr,ocr_generated,receipt,111044,0.106,96d62c7b9198fa5af538951b22499954dba5d39792846bf14b6c860ab3f0ed78,,,2026-06-11T18:07:18+00:00,
pdf_001032,existing_downloads_186_certificate_of_analysis_ocr.pdf,output/pradeep_targeted_ocr/existing_downloads_186_certificate_of_analysis_ocr.pdf,output/pradeep_targeted_ocr,ocr_generated,certificate_of_analysis,1515685,1.445,b0361d3e6b6f051021111040257c843040ebe404a7c0cab2a6138f668155e8b7,,,2026-06-11T18:07:18+00:00,
pdf_001033,existing_downloads_189_certificate_of_analysis_ocr.pdf,output/pradeep_targeted_ocr/existing_downloads_189_certificate_of_analysis_ocr.pdf,output/pradeep_targeted_ocr,ocr_generated,certificate_of_analysis,315790,0.301,b4de4ca7d7b65aa04896d1a7d95e10809e02d52fa7198acca3e44b710a3c05e6,,,2026-06-11T18:07:18+00:00,
pdf_001034,existing_downloads_190_certificate_of_analysis_ocr.pdf,output/pradeep_targeted_ocr/existing_downloads_190_certificate_of_analysis_ocr.pdf,output/pradeep_targeted_ocr,ocr_generated,certificate_of_analysis,744432,0.710,b238366d71a8dfc81e0c284fa37b1a6dd72811f47895168f6b3aefaf18fe80c5,,,2026-06-11T18:07:18+00:00,
pdf_001035,existing_downloads_210_certificate_of_analysis_ocr.pdf,output/pradeep_targeted_ocr/existing_downloads_210_certificate_of_analysis_ocr.pdf,output/pradeep_targeted_ocr,ocr_generated,certificate_of_analysis,390162,0.372,d82f9d40428bfc45dc3bb9e4d5a7cfbf1cd58d05b40641afa01951c3489a366b,,,2026-06-11T18:07:18+00:00,
pdf_001036,existing_downloads_220_certificate_of_analysis_ocr.pdf,output/pradeep_targeted_ocr/existing_downloads_220_certificate_of_analysis_ocr.pdf,output/pradeep_targeted_ocr,ocr_generated,certificate_of_analysis,78541,0.075,83da41cc533911b8e1335e47f9c528b6a9cb05b6569cad51c557b4139e9a220f,,,2026-06-11T18:07:18+00:00,
pdf_001037,existing_downloads_237_patient_form_ocr.pdf,output/pradeep_targeted_ocr/existing_downloads_237_patient_form_ocr.pdf,output/pradeep_targeted_ocr,ocr_generated,patient_form,223458,0.213,66faadd8cba8873fe4b2248215209535a75057546d45a8e6391dfdde9a9767ec,,,2026-06-11T18:07:18+00:00,
pdf_001038,existing_downloads_238_patient_form_ocr.pdf,output/pradeep_targeted_ocr/existing_downloads_238_patient_form_ocr.pdf,output/pradeep_targeted_ocr,ocr_generated,patient_form,190130,0.181,6663189a0d527483fe486df111e560b14f341c7a5b13d14fd64d51b59a0efe85,,,2026-06-11T18:07:18+00:00,
pdf_001039,existing_downloads_241_hospital_claim_ocr.pdf,output/pradeep_targeted_ocr/existing_downloads_241_hospital_claim_ocr.pdf,output/pradeep_targeted_ocr,ocr_generated,hospital_claim,62474,0.060,169fc17d4278d3638f1648599d63106e3cbe25d81987933d9e1bf833856aae81,,,2026-06-11T18:07:18+00:00,
pdf_001040,existing_downloads_249_patient_form_ocr.pdf,output/pradeep_targeted_ocr/existing_downloads_249_patient_form_ocr.pdf,output/pradeep_targeted_ocr,ocr_generated,patient_form,475087,0.453,ad45e17f117dfba0affe67957330eff7e6f9870902d7908b535ce241ec115e45,,,2026-06-11T18:07:18+00:00,
pdf_001041,existing_downloads_269_patient_form_ocr.pdf,output/pradeep_targeted_ocr/existing_downloads_269_patient_form_ocr.pdf,output/pradeep_targeted_ocr,ocr_generated,patient_form,197946,0.189,34da64b21678b6d91efd24e39979444790b7dbb7c6126eba1f8bf9c6f7b7847d,,,2026-06-11T18:07:18+00:00,
pdf_001042,existing_downloads_273_patient_form_ocr.pdf,output/pradeep_targeted_ocr/existing_downloads_273_patient_form_ocr.pdf,output/pradeep_targeted_ocr,ocr_generated,patient_form,418904,0.399,ebb5403fb38904aebecd7c6235912ea46f2e6e2f44227952c04aac0f43825346,,,2026-06-11T18:07:18+00:00,
pdf_001043,existing_downloads_294_medical_doctor_note_ocr.pdf,output/pradeep_targeted_ocr/existing_downloads_294_medical_doctor_note_ocr.pdf,output/pradeep_targeted_ocr,ocr_generated,medical_doctor_note,127852,0.122,9c737da892ec6fa4d8a9bc08661498f4d0f2369f65030cb90a0b90fe6f3996d2,,,2026-06-11T18:07:18+00:00,
pdf_001044,existing_downloads_315_medical_doctor_note_ocr.pdf,output/pradeep_targeted_ocr/existing_downloads_315_medical_doctor_note_ocr.pdf,output/pradeep_targeted_ocr,ocr_generated,medical_doctor_note,382492,0.365,5d261718dc3f26907b1e1d83a2ec432818acd76796f36f0746b0b41f63a157a2,,,2026-06-11T18:07:18+00:00,
pdf_001045,existing_downloads_319_logistics_financial_ocr.pdf,output/pradeep_targeted_ocr/existing_downloads_319_logistics_financial_ocr.pdf,output/pradeep_targeted_ocr,ocr_generated,logistics_financial,386191,0.368,8b9b4bfb40ab46b92fe584f41a964bd8125f7d2230949be72220ea0c603eebd6,,,2026-06-11T18:07:18+00:00,
pdf_001046,existing_downloads_321_logistics_financial_ocr.pdf,output/pradeep_targeted_ocr/existing_downloads_321_logistics_financial_ocr.pdf,output/pradeep_targeted_ocr,ocr_generated,logistics_financial,159026,0.152,4dd66771528dd801e56c3f89b13ee63bef44513b0d9b993b54caf0cf59309a4d,,,2026-06-11T18:07:18+00:00,
pdf_001047,existing_downloads_323_logistics_financial_ocr.pdf,output/pradeep_targeted_ocr/existing_downloads_323_logistics_financial_ocr.pdf,output/pradeep_targeted_ocr,ocr_generated,logistics_financial,236085,0.225,3d0843f6af61cfb2b7ed7c2788d7eecc248f40cf88f63bf282411f94c48cac66,,,2026-06-11T18:07:18+00:00,
pdf_001048,existing_downloads_324_logistics_financial_ocr.pdf,output/pradeep_targeted_ocr/existing_downloads_324_logistics_financial_ocr.pdf,output/pradeep_targeted_ocr,ocr_generated,logistics_financial,110170,0.105,88efbe2e5ad768afc13a2b2724c0f81da37917a713cc58b0713d9b5d73196061,,,2026-06-11T18:07:18+00:00,
pdf_001049,existing_downloads_326_logistics_financial_ocr.pdf,output/pradeep_targeted_ocr/existing_downloads_326_logistics_financial_ocr.pdf,output/pradeep_targeted_ocr,ocr_generated,logistics_financial,103574,0.099,d24f7e987c2b45d8b6555901f243fb1525d5006dcf04f005bdecb19e3269ffcd,,,2026-06-11T18:07:18+00:00,
pdf_001050,existing_downloads_347_logistics_financial_ocr.pdf,output/pradeep_targeted_ocr/existing_downloads_347_logistics_financial_ocr.pdf,output/pradeep_targeted_ocr,ocr_generated,logistics_financial,110633,0.106,8fde5def6c3dc1500cc080181e6fced1db533873178162f6a16496816dd46248,,,2026-06-11T18:07:18+00:00,
pdf_001051,existing_downloads_355_handwritten_ocr.pdf,output/pradeep_targeted_ocr/existing_downloads_355_handwritten_ocr.pdf,output/pradeep_targeted_ocr,ocr_generated,handwritten,160925,0.153,d29aa806f3f5e34d38622f4bf05668170939a900f2ae2b18be8adc2d31676eef,,,2026-06-11T18:07:18+00:00,
pdf_001052,existing_downloads_356_handwritten_ocr.pdf,output/pradeep_targeted_ocr/existing_downloads_356_handwritten_ocr.pdf,output/pradeep_targeted_ocr,ocr_generated,handwritten,140782,0.134,75d107b1789db665a21ebf7cb5ccfee34f831a658435737ac0c18015a6b7db42,,,2026-06-11T18:07:18+00:00,
pdf_001053,existing_downloads_356_logistics_financial_ocr.pdf,output/pradeep_targeted_ocr/existing_downloads_356_logistics_financial_ocr.pdf,output/pradeep_targeted_ocr,ocr_generated,logistics_financial,110993,0.106,364718fa793a9f01f931690fbf2959ae11536d480baa6b28a1a167458f471d4e,,,2026-06-11T18:07:18+00:00,
pdf_001054,existing_downloads_357_handwritten_ocr.pdf,output/pradeep_targeted_ocr/existing_downloads_357_handwritten_ocr.pdf,output/pradeep_targeted_ocr,ocr_generated,handwritten,149397,0.142,d14f6847e6cdc6eebd58f5b2eb4579e3a926c5fc8a5afaa4a4b25cdae950682c,,,2026-06-11T18:07:18+00:00,
